:020000040800F2
:10000000780E002485030008FF6C000801670008D3
:10001000FD6C0008151800087D8000080000000035
:1000200000000000000000000000000071730008E4
:10003000511C000800000000016D000873730008E7
:10004000A3030008A3030008A3030008A3030008F8
:10005000A3030008A3030008A3030008A3030008E8
:10006000A3030008A3030008A3030008A3030008D8
:10007000A3030008A3030008A3030008A3030008C8
:10008000A3030008A3030008A3030008A3030008B8
:10009000A3030008A3030008A3030008A3030008A8
:1000A000A3030008E9740008A3030008A3030008E1
:1000B000A3030008A3030008A3030008A303000888
:1000C000A3030008A3030008A3030008A303000878
:1000D000A3030008A3030008A3030008A303000868
:1000E000A3030008A303000800000000A303000806
:1000F000F5740008A3030008A3030008A303000885
:10010000A3030008A3030008A3030008A303000837
:10011000A3030008A3030008A3030008A303000827
:10012000A3030008A3030008A3030008A303000817
:10013000A3030008A3030008A3030008A303000807
:1001400000000000000000000000000000000000AF
:10015000A3030008A3030008A3030008A3030008E7
:10016000A3030008A3030008A3030008A3030008D7
:10017000A3030008A3030008A30300080000000075
:10018000A3030008A3030008A3030008A3030008B7
:10019000A3030008A3030008A3030008A3030008A7
:1001A000A3030008A3030008A30300080000000045
:1001B000A3030008A3030008A3030008A303000887
:1001C000A3030008A30300080000000000000000D3
:1001D0000000000000000000A30300080000000071
:1001E000000000000000000000000000000000000F
:1001F0000000000000000000A3030008A3030008A3
:10020000A3030008A303000800000000A3030008E4
:10021000A3030008A3030008A3030008A303000826
:10022000A303000800000000A30300080000000072
:10023000A3030008A303000800000000A3030008B4
:10024000A3030008A3030008A3030008A3030008F6
:10025000A3030008A3030008A3030008A3030008E6
:10026000A3030008A3030008A3030008A3030008D6
:10027000A3030008A3030008A30300080000000074
:10028000A3030008A3030008A3030008A3030008B6
:1002900000000000A3030008A30300080000000002
:1002A00000000000A3030008A3030008A303000844
:1002B000A3030008A3030008A3030008A303000886
:1002C000A3030008A3030008A303000800F002F83A
:1002D00000F049F80AA090E8000C82448344AAF197
:1002E0000107DA4501D100F03EF8AFF2090EBAE895
:1002F0000F0013F0010F18BFFB1A43F0010318475A
:10030000888F0000A88F0000103A24BF78C878C1F9
:10031000FAD8520724BF30C830C144BF04680C600B
:10032000704700000023002400250026103A28BF53
:1003300078C1FBD8520728BF30C148BF0B60704757
:10034000662908F0E586002070471FB508F061FEB9
:1003500000F0E6FB04000020002108F0D3FCE06080
:100360001FBD10B510BD00F0DFFC1146FFF7EDFF1B
:1003700008F058FC00F0FDFC03B4FFF7F2FF03BCEB
:1003800000F034FD0A4880470A4880470A48004781
:10039000FEE7FEE7FEE7FEE7FEE7FEE7FEE7FEE735
:1003A000FEE7FEE705480649064A074B704700008E
:1003B000591C000811740008CD02000878080024B8
:1003C000780E0024780A0024780A002453EA020CEC
:1003D00000F069802DE9F04B4FF00006002B1FBFA5
:1003E000B3FA83F503FA05F424FA05F65E4012BF6A
:1003F0001643B2FA82F502FA05F4C5F120051EBFD4
:1004000022FA05FC44EA0C04203556EA044C4FEA73
:10041000144418BF641C4FF000084FF000099042CC
:1004200071EB030C39D3002919BFB1FA81F701FA36
:1004300007F6B0FA80F700FA07F6C7F120071EBFEB
:1004400020FA07FC46EA0C062037B6FBF4FCA7EBC3
:100450000507103F07F01F0BCBF120060CFA0BFB32
:100460002CFA06F644BFB3460026202FA4BF5E46F2
:100470004FF0000B5BEA060C08BF4FF0010B19EBC5
:100480000B09ABFB027C48EB0608C01B06FB02CC49
:100490000BFB03CC71EB0C01C1E70B460246414656
:1004A0004846BDE8F08B13B54FF000004FF0000157
:1004B000AFF30080BDE81C40704700000FB41CB5CE
:1004C000084B06AA7B4469460090059800F00FFB94
:1004D00004460020694600F01DFB20461CBC5DF868
:1004E00014FB00004D0600002DE9F0474FF0000A14
:1004F00089460446C0F820A02046E16888470028C5
:1005000076D0252806D0D4E901219047206A401CE6
:100510002062F1E7E168204600258847C4F81CA066
:1005200006460027C4F818A02A2E09D0304608F045
:1005300015FA38B304EB8708303EC8F8186019E0A4
:1005400059F8041B204604EB87029161E168884753
:10055000012F064618D1E069002820DA25F0200591
:100560001DE0D8F8180000EB800006EB40003038A2
:10057000C8F818002046E1688847064608F0EEF9FA
:100580000028EED1012F0AD02E2E08D12046E16896
:1005900088477F1C0646022F45F02005C4DBA06972
:1005A000002803DA404245F00105A061E80701D0C8
:1005B00025F01005B6B1A6F14100192802D8203661
:1005C00045F400654A463146204625604D46FFF712
:1005D000B7FE58B1012806D0ED1D25F0070000F147
:1005E000080989E704E005F1040985E730468AE750
:1005F000206ABDE8F08710B5203AC0F00B80B1E862
:100600001850203AA0E81850B1E81850A0E8185047
:10061000BFF4F5AF5FEA027C24BFB1E81850A0E850
:10062000185044BF18C918C0BDE810405FEA827C6A
:1006300024BF51F8043B40F8043B08BF7047D20781
:1006400028BF31F8023B48BF11F8012B28BF20F822
:10065000023B48BF00F8012B70474FF0000200B585
:10066000134694469646203922BFA0E80C50A0E8D5
:100670000C50B1F12001BFF4F7AF090728BFA0E883
:100680000C5048BF0CC05DF804EB890028BF40F84F
:10069000042B08BF704748BF20F8022B11F0804F91
:1006A00018BF00F8012B704770477047704710B5AE
:1006B00000F03AFA006810BD10B5044600F034FAB4
:1006C000046010BD70472DE9FF4F0C461E464FF0E9
:1006D000FF378BB0D2E90001DDF860800A908A46CE
:1006E000C1F30A5505B93D46002108464FF0000008
:1006F000BAF1000F00F4400005DA00EB80004FF47F
:10070000400101EA50004FEA9059B9F1010F00DDB4
:10071000B9460A9850EA4A000ED044F61050A5F2A5
:10072000FF3545432F14B8F1000F1ED07542291E26
:100730001EDDC9F100021CE0B8F1010F4FF000000E
:1007400001D0302103E0F24305E02154401CB042C7
:10075000FBDB30460022002121540B99C1F80880B0
:10076000C1E900200FB0BDE8F08FBD1B6D1CDEE7B6
:100770004A4600DA694206A800F060FA06AB93E840
:10078000070003AB83E8070050460A9900F035FBE9
:100790008DE80700A0F500501F3800900398002D49
:1007A0000ADD42F21F014A460844002303A90390D0
:1007B000684600F09EFD09E0A0F500504A461F384B
:1007C000002303A90390684600F0A8FD8DE8070008
:1007D0000004000C03D04FF0FF30410800E0104649
:1007E000B8F1000F03D00022009215461EE0751EDE
:1007F00005D400F09DF9303262556D1EF9D5B3462F
:100800000122084302D000227F1C04E02078302817
:1008100001D100227F1E002A099784D01DE0112DEE
:1008200007DA00F085F9303262556D1C50EA01029A
:10083000F5D1084302D00098C8B10EE00021681E2F
:1008400005E0235C625C63542254401E491C8142D3
:10085000F7DBAB46A81B401E0990002004F80B00F4
:100860000B98099AC0F80880C0E9002B7AE7112696
:100870004FF0000857E72DE9F04F88460446D21D97
:1008800022F0070191B0D1E90001CDE90A0107F09A
:10089000F6FB02460B98C00F01D02D2007E0206820
:1008A000810701D52B2002E0202101EAC000032AA4
:1008B000099001D0072A05DB03464146204600F097
:1008C0007DF90BE12078800601D5E06900E0062083
:1008D000B8F1650F814606D0B8F1660F18D0B8F1AF
:1008E000670F70D131E00020B9F1110F009001DBEA
:1008F000112301E009F101030AAA01A90CA8FFF7DD
:10090000E2FEDDE90C70002609F10105834647E0AF
:1009100001204B4600904FF000470AAA01A90CA8FD
:10092000FFF7D1FEDDE90DB00C995D46002610B948
:1009300009F101000D18B9EB050003D4C0F1FF3631
:1009400009F10105A5EB09002BE0B9F1010F01DA6E
:100950004FF001090020B9F1110F0090484601DD68
:10096000112300E003460AAA01A90CA8FFF7ABFE79
:10097000DDE90C704D4600268346207800070AD436
:10098000AB4500DA5D4601A8012D04DD411911F8DF
:10099000011C302907D04F4502DA17F1040F04DAA1
:1009A000012082460FE06D1EEEE7002F02DCED1BFA
:1009B0003E4403E0781CA84200DD7D1CB81B00F11A
:1009C000010A4FF000472078000703D4AA4501DB55
:1009D0004FF0FF3A0021B7F1004F0DF143088DF8B9
:1009E000431024D002202B23002F01DA7F422D2335
:1009F0000A21021EA0F1010000DC5FB197FBF1FCAF
:100A000097FBF1F201FB1C7C17460CF1300C08F847
:100A100001CDEEE7A8F1010003702188090501D599
:100A2000452100E06521A0F1010800F8011C0998AA
:100A30000FA9A1EB0807FF1D00B10120411901EB2F
:100A4000EA70A1693844081A401EA0612078C006E7
:100A500002D42046AFF30080099828B1D4E90121DF
:100A60009047206A401C20622078C00622D520468C
:100A7000AFF300801EE0002E04DBB34502DD01A8C9
:100A8000805D00E03020D4E901219047206A401CBD
:100A90002062761CAAF101005FEA000A0AD100F088
:100AA0003FF8C0680168405CD4E901219047206AA2
:100AB000401C2062281EA5F10105DCDC07E0D4E91A
:100AC000012118F8010B9047206A401C2062381E53
:100AD000A7F10107F3DC2046AFF30080032011B03B
:100AE00041E6000001694A1C02610878704700B5C0
:100AF0008FB0CDE901310021059105497944CDE957
:100B0000031011466846FFF7EFFC0FB000BD000070
:100B1000E5FFFFFF0A6802F8010B0A60704700005A
:100B20000048704734080024004870471408002427
:100B300030B5B0F10A024FEA900E71F100034EEAAF
:100B4000817EB0EB0E0061EB91014FEA101E4EEA80
:100B5000017E10EB0E0041EB11114FEA102E4EEA10
:100B6000016E10EB0E0041EB11214FEA104E4EEAE0
:100B7000014E10EB0E0041EB1141401841F1000114
:100B80004FEAD00040EA41704FEAD10110EB8005F6
:100B90004FEA810444EA907444EB01046D1944EB7C
:100BA0000404521BA3414FF0000348BF0A3200D592
:100BB00030BD401C41F1000130BD00002DE9F04185
:100BC0001F46044603260168072A01F4006004DB7F
:100BD00008B116A505E016A503E008B115A500E0CB
:100BE00015A521F010002060A069C01EA0610FB102
:100BF000401EA0612046AFF300804FB1D4E901212F
:100C000038469047206A401C2062C01C206206E0E3
:100C1000206AFAE7D4E9012115F8010B9047761E06
:100C2000F8D22046AFF30080BDE8F0814E414E007F
:100C30006E616E00494E4600696E66002DE9F04710
:100C4000814616468AB0354878440DC88DE80D00B7
:100C500032487844801C03AC0DC884E80D0041F68E
:100C60009B300844372190FBF1F290FBF1F5A5F1A0
:100C7000800501FB12041B3C02D56442012000E008
:100C80000020DFF898A080460027FA44AAF1BE0AA7
:100C90000EE0E0070AD03246684607EB4701012321
:100CA0000AEB810100F03AFB8DE8070064107F1C1D
:100CB000002CEED1194F7F44AE3F19E0E80715D064
:100CC00007EB04100DF1180A90E80E008AE80E00F8
:100CD000C068F04201D1981908903246012306A954
:100CE00003A800F01BFB03AB83E807006D10641C36
:100CF000002DE3D14FF0010332466946B8F1000FF1
:100D000003A802D000F0F5FA01E000F007FBC9E902
:100D10000001C9F808200AB0BDE8F0872486000069
:100D200000487047140800247546FFF7F9FFAE46E7
:100D300005006946534620F00700854618B020B5E7
:100D4000FFF730FBBDE820404FF000064FF00007F2
:100D50004FF000084FF0000B21F00701AC46ACE863
:100D6000C009ACE8C009ACE8C009ACE8C0098D46D0
:100D7000704710B50446AFF300802046BDE8104030
:100D8000FFF7FABA4FF0013C50F8042B51F8043B3E
:100D90009A4215D1A2EB0C03934313EACC130BD167
:100DA00050F8042B51F8043B9A4209D1A2EB0C03F2
:100DB000934313EACC13E7D04FF00000704700BF15
:100DC000D01A01BAB1FA81F101F0180122FA01F04A
:100DD000CB40C1F12001DBB2C0B2C01A2CFA01F342
:100DE000D11A914311EAC311E6D170470149182085
:100DF000ABBEFEE72600020070475FEA400C08BF6A
:100E000091F0000F4FEA8C234FEAC12243EA51517F
:100E10004FEA1C5018BF00F5F0404FEA300018BFF1
:100E200041F000415FEA6C5C00F02980BCF1FF3FBB
:100E300008BF40F080407047130C06BF12044FF00B
:100E4000100C4FF0000C130E04BF12020CF1080C32
:100E5000130F04BF12010CF1040C930F04BF920096
:100E60000CF1020CD30F04BF52000CF1010C11461F
:100E70004FF00002A0F11F00A0EB0C00704711F032
:100E8000004F08BF704731F000413FF4D5AF0B0C65
:100E900006BF09044FF0100C4FF0000C0B0E04BFFE
:100EA00009020CF1080C0B0F04BF09010CF1040C32
:100EB0008B0F04BF89000CF1020CCB0F04BF49005B
:100EC0000CF1010CCCF12003A0EB0C0022FA03F38F
:100ED00002FA0CF241EA030100F10100704720F030
:100EE0007F4C80EA030023F07F47ACEB070303F558
:100EF0007C5300F0004003F1FF032DE980494FEAE5
:100F0000154B09B44FEA144325EA0B4E24EA034873
:100F10000FF2042606EB132749083E785FEA3202F7
:100F200003FB0667C7F5000707FB06F64FEA5437D1
:100F30004FEAD64606F1020607FB066CCCF1005CD0
:100F40004FEA1C472CEA074C07FB06F40CFB06F59E
:100F500004EB15464FEA961634BF00204FF00040D0
:100F60004FEAD13706FB07FC4FEA1C4C0CFB0BF792
:100F7000D21B03FB0CF761EB07010CFB0EF7B0EB88
:100F8000074072EB17420CFB08F734BFA2EB074295
:100F9000B2EB074261EB17414FEA0C444FEA91076D
:100FA00006FB07FC4FEA1C4C0CFB0BF7B0EBC740F1
:100FB00072EB573203FB0CF734BFA2EBC742B2EB24
:100FC000C74261EB57310CFB0EF7B0EBC70072EB79
:100FD00057720CFB08F734BFA2EBC702B2EBC70293
:100FE00061EB5771039F4FEA816141EA921104EB73
:100FF000CC044FEAD1374FEA826206FB07FC42EA93
:1010000090124FEA80604FEA1C4C0CFB0BF7D21B8E
:1010100003FB0CF761EB07010CFB0EF7B0EB07408D
:1010200072EB17420CFB08F734BFA2EB0742B2EB9E
:10103000074261EB17414FEA8C554FEA910704EBE9
:101040009C2406FB07FC4FEA1C4C0CFB0BF7B0EB97
:10105000C74072EB573203FB0CF734BFA2EBC74219
:10106000B2EBC74261EB57310CFB0EF7B0EBC70098
:1010700072EB57720CFB08F734BFA2EBC702B2EB5E
:10108000C70261EB577115EB4C254FEA816141EACC
:1010900092114FEA82624FEAD13742EA901206FB80
:1010A00007FC44F100044FEA80604FEA1C4C0CFB43
:1010B0000BF7D21B03FB0CF761EB07010CFB0EF7E0
:1010C000B0EB074072EB17420CFB08F734BFA2EB02
:1010D0000742B2EB074261EB174115EB1C154FEAD3
:1010E000813141EA92414FEA823242EA90424FEA2C
:1010F00080304FEA0C7644F1000448EA03434EEA9C
:101100000B484FF0000EB2EB080C71EB030724BF45
:10111000624639464EEB0E0E4FF0000B001852415E
:1011200049414BEB0B0BB2EB080C71EB03077BF166
:10113000000B24BF624639464EEB0E0E4FF0000BFB
:101140000018524149414BEB0B0BB2EB080C71EB11
:1011500003077BF1000B24BF624639464EEB0E0EAF
:1011600051EA020718BF46F0010616EB0E7655F15C
:10117000000254F1000103D5BDE88901BDE80088F3
:10118000BDE88901BDE80048B619524141EB0101B3
:10119000A3F10103704780807F7E7D7C7B7A797824
:1011A000777676757473727171706F6E6E6D6C6C2C
:1011B0006B6A6A69686867666665646463636261CE
:1011C0006160605F5F5E5E5D5D5C5C5B5B5A5A594F
:1011D00059585857575656555555545453535252BB
:1011E0005251515050504F4F4F4E4E4D4D4D4C4C13
:1011F0004C4B4B4B4A4A4A4949494848484747475C
:101200004746464645454544444444434343434298
:10121000424242414141002B9C4630D477002BD0C2
:101220001CB54FEA370703B44FF010004FF0100120
:10123000BAF1000F06D0BCF1000FDCBF40F008008F
:1012400040F008014FF000000FBCBDE810400BF16A
:10125000010BBBF1010F08BF5FEA170722BF12F1B4
:10126000010211F101014FF0004143F1000300F0D0
:10127000004043EA00007047F9D35708D0E746EA38
:10128000064613F1400F4FEA16461FDD13F1200FFB
:10129000DFBF16430A46002120335B42BED0C3F1B4
:1012A000200746EA064602FA07F74FEA164646EADC
:1012B0000706C3F1200722FA03F201FA07F721FA21
:1012C00003F14FF0000342EA0702A7E746EA0206ED
:1012D00046EA06464FEA164646EA0106BCBF46EA1B
:1012E0000646360C4FF000034FF000024FF00001AD
:1012F00094E72DE9804C9A46934670B491E8380003
:1013000007C831EA400C48BF34EA430C03D5FFF765
:10131000E6FDFFF780FFF0BCBDE8008C2DE9804CB6
:101320009A46934670B491E8380007C810F0804F91
:1013300008BF13F0804F03D100F005F8FFF76BFFF3
:10134000F0BCBDE8008C20F07F4780EA030023F06A
:101350007F4C07EB0C03A3F57C5300F00040A3F196
:10136000FE0392F0000F00F0B38095F0000F00F044
:1013700077802DE901494FEA11404FEA144621EAEE
:10138000004800FB06FC24EA064708FB06F607FBBC
:1013900008F800FB07F718EB06484CEB164C4FEA31
:1013A000124B18EB07484FEA15464CEB174022EA60
:1013B0000B4E0BFB06FC25EA06470EFB06F607FB69
:1013C0000EFE0BFB07F71EEB064E4CEB164C4FF0D8
:1013D00000061EEB074E4CEB174B18EB0B0840F1C9
:1013E000000018EB0E0B58EB000840F100008F1ABC
:1013F0004FF000013CBFC943661B14BFB5EB040CA2
:1014000000213CBFC943F61B4FEA17444EEA8E0E3B
:1014100027EA04454FEA1C4704FB07622CEA074C05
:1014200005FB07F70CFB05F604FB0CFC16EB074667
:1014300042EB174216EB0C4642EB1C421BEB060636
:1014400058EB0202414146EA9E0601D5BDE80189FA
:10145000B619524141EB0101A3F10103BDE8018935
:101460004FEA14454FEA114724EA054621EA074CA2
:1014700005FB07F406FB07F70CFB06F105FB0CFC6C
:1014800011EB074144EB17444FEA124711EB0C41B3
:1014900044EB1C4422EA074C05FB07F206FB07F766
:1014A0000CFB06F605FB0CFC16EB074642EB17425D
:1014B00016EB0C4642EB1C456A1854F1000148BF7C
:1014C0007047B619524141EB0101A3F10103704786
:1014D00095F0000F37D04FEA11424FEA144721EA46
:1014E000024624EA074C02FB07F106FB07F70CFB58
:1014F00006F402FB0CFC14EB074441EB17414FEAE6
:10150000154714EB0C4441EB1C4125EA074C02FB48
:1015100007F506FB07F70CFB06F602FB0CFC16EBC7
:10152000074645EB174516EB0C4645EB1C421219D6
:1015300051F1000148BF7047B619524141EB01011A
:10154000A3F1010370474FEA14454FEA114724EA1B
:10155000054621EA074C05FB07F106FB07F70CFBE4
:1015600006F24FF0000605FB0CFC12EB074241EBC4
:10157000174112EB0C4251EB1C4148BF70479218C7
:1015800041EB0101A3F101037047000010B532499E
:1015900004460068884202D0304A904202D1D1F815
:1015A000080302E02E48D0F8080310F4403F10D0A2
:1015B00003F05CFF6168B1F5803F06D0B1F5003FF4
:1015C00003D0B1F5403F26D101E0090C17E08008B7
:1015D00021E000214FF4002003F02EF861688A0317
:1015E000920B18D18A140C2A15D2DFE802F01406E7
:1015F00006060606060B0D0F1113890C4900B0FBF9
:10160000F1F008E0000906E0400904E0800902E08A
:10161000C00900E0000A13494008884204D8206845
:10162000816821F4407108E00F49884207D820689A
:10163000816821F4407141F48071816010BD0B49D3
:1016400088422068816804D821F4407141F4007117
:10165000F3E741F44071F0E700200240002102402E
:1016600000600258105E5F0020BCBE0040787D0123
:1016700010B5846B216E11F0500F06D0216EC90693
:1016800025D5204601F0D6FD10BD206E40F4007037
:10169000206620680168090707D505F044F890B175
:1016A0002068C068800403D50DE0C06880070AD1B7
:1016B000206E20F480702066206EC00403D4206E5B
:1016C00040F001002066204601F0B2FD10BDA16D82
:1016D000C96CBDE81040084710B5806B016E41F041
:1016E00040010166416E41F00401416601F0A2FD36
:1016F00010BD10B5806B01F09CFD10BD70B50446A7
:10170000006881688268C1F3400112F0010F28D09F
:1017100039BB816801F00D01012914D18168124A99
:101720001140891C816021680320086002F068FC78
:10173000054612E002F064FC401B02280DD9206827
:101740008068C00709D0206E40F010002066606EEF
:1017500040F001006066012070BD20688068C0070D
:10176000E8D1002070BD0000C0FFFF7F70B50446C7
:101770000068816811F0010F40D18168204A114250
:101780002DD18168D5432940491C816002F038FC85
:101790001C49064620681C4B884201D0984201D162
:1017A0001A4A00E01A4A9268984202F01F0200D0DA
:1017B000014681421DD0E2B120E0816811F0010FA5
:1017C00003D181682940491C816002F019FC801B0B
:1017D00002280ED920680068C043C00709D0206ED7
:1017E00040F010002066606E40F00100606601204D
:1017F00070BD20680168C943C907DED1002070BDF3
:101800003F000080002002400021024000230240EF
:1018100000630258FEE70000294A016891423AD06D
:10182000274A1832914236D0254A3032914232D07E
:10183000234A483291422ED0214A603291422AD026
:101840001F4A7832914226D01D4A9032914222D0CE
:101850001B4AA83291421ED01A4A91421BD0194A03
:101860001832914217D0174A3032914213D0154A9C
:10187000483291420FD0134A603291420BD0114A44
:101880007832914207D00F4A9032914203D00D4AEC
:10189000A832914211D1CAB21823103AB2FBF3F226
:1018A0006FF30901032A02F00703074AD25CC265FD
:1018B00000D9091D81650846704721F0FF01F9E74D
:1018C00010000240100402401491000830B5224A72
:1018D000012301689142CAB21BD01F4C1434A142AB
:1018E00017D01D4C2834A14213D01B4C3C34A142CC
:1018F0000FD0194C5034A1420BD0174C6434A14284
:1019000007D0154C7834A14203D0134C8C34A1423B
:101910000CD11421114C083AB2FBF1F10F4A80327C
:1019200001F01F0504EB8101AB4010E00C4D1824C1
:10193000103A0D44B2FBF4F1A82D00D80831094A41
:1019400001F01F0402EB8101064AA340803260309F
:1019500080E80E0030BD00000854025800580258BC
:10196000F0FBFDBF0008024010B50279531E072BA3
:101970002DD8174C0168A1421BD0154C1434A1423C
:1019800017D0134C2834A14213D0114C3C34A1423F
:101990000FD00F4C5034A1420BD00D4C6434A142F7
:1019A00007D00B4C7834A14203D0094C8C34A142AF
:1019B00003D10849074C443102E00749064C443141
:1019C00004EB8202C0E91B2101219940416710BD4F
:1019D00008540258FC580258FC08024010B58369AC
:1019E0004FF0C074826A0146002053B1B3F5005F26
:1019F00015D072B1012A0CD0022A0AD0032A09D1CB
:101A000004E01AB1012A06D0022A03D1C96AC90129
:101A100000D5012010BDC96AA142FAD010BD002A2C
:101A2000F7D0012AF2D0022AF3D0032AF3D010BD56
:101A30002DE9F04F804E804FDFF8FC911836DFF82B
:101A4000F8A148370468856D0AF1300ADFF8ECB177
:101A50004C45DFF8ECC1DFF8ECE16DD0B4426BD05F
:101A6000544569D0BC4267D0DFF8D081A8F118088E
:101A7000444561D05C455FD064455DD074455BD022
:101A8000DFF8C481444557D0DFF8BC8108F118085D
:101A9000444551D0DFF8B08108F1300844454BD0BF
:101AA000DFF8A48108F14808444545D0DFF8988163
:101AB00008F1600844453FD0DFF88C8108F17808D0
:101AC000444539D0DFF8808108F19008444533D08F
:101AD000DFF8748108F1A80844452DD0DFF86C8147
:101AE000444529D0DFF8648108F11408444523D027
:101AF000DFF8588108F1280844451DD0DFF84C81F3
:101B000008F13C08444517D0DFF8408108F150083F
:101B1000444511D0DFF8348108F1640844450BD006
:101B2000DFF8288108F17808444505D0DFF81C81EA
:101B300008F18C08444509D1D0E91948C4F804805B
:101B4000C46E1CB1D0E91C48C4F8048004684C453C
:101B50002ED0B4422CD054452AD0BC4228D0374E87
:101B6000183EB44224D05C4522D0644520D0744550
:101B70001ED0354EB4421BD0334E1836B44217D067
:101B8000314E3036B44213D02F4E4836B4420FD0C7
:101B90002D4E6036B4420BD02B4E7836B44207D06F
:101BA000294E9036B44203D0274EA836B44215D100
:101BB00090F85C603F2406F01F06B440AC600468F7
:101BC000256825F4802525602EE09A600068C160B4
:101BD000BDE8F08F99600068C260F9E71B4EB4421F
:101BE0001BD01A4E1436B44217D0184E2836B442C1
:101BF00013D0164E3C36B4420FD0144E5036B44279
:101C00000BD0124E6436B44207D0104E7836B44230
:101C100003D00E4E8C36B442DAD190F85C600124C9
:101C200006F01F06B4406C60046863608368402B54
:101C30000368CFD1C9E700001000024088000240CD
:101C4000A0000240B80002401004024008540258AC
:101C5000704772B6FEE7000005480549083902687A
:101C600042F00202026008688004FCD57047000060
:101C70000C48025890ED150AD0ED160AB0EE002A75
:101C8000B0EE401ADFED081A00EE821AF1EE600A9B
:101C900080ED1B0A30EEC00A81EE212A80ED170A82
:101CA00080ED1C2A70470000D7B3DD3F9FED030A8B
:101CB00080ED510A80ED4E0A7047000000000000E0
:101CC00010B504462DED028B90ED480A06F0CCFAD3
:101CD000F0EE400A94ED480AB0EE608A06F08AFC05
:101CE000D4ED271A94ED281A61EE880A61EE801A65
:101CF00041EE400A41EE081AC4ED210AC4ED221A51
:101D0000BDEC028B10BD2DE9FE43002705464FF4C4
:101D10007A783E463C466946D5F818C001AB02AA1F
:101D200095F82100E047BDF80400BDF80010064416
:101D300001200F4402F03AF8641CA4B24445EAD3EF
:101D4000B7FBF8F0B6FBF8F100EE100A00EE901ABF
:101D5000B8EE400AF8EE600A85ED180AC5ED1A0AD9
:101D6000BDE8FE8310B504462DED028B90ED480AC8
:101D700006F07AFAF0EE400A94ED480AB0EE608A76
:101D800006F038FC94ED1B1AD4ED1C1A61EE080A1B
:101D900021EE882A41EE800A01EE402AC4ED1F0A96
:101DA00084ED202ABDEC028B10BD000030B49FED05
:101DB000782ADFED782AB6EE003ADFED773A90ED3B
:101DC000210AD0ED221AB0EE631ADFED740A20EE7C
:101DD000022A60EE222AF5EEC01AB0EE410AF1EEB8
:101DE00010FA01EEC32A41EEC32A01DD012400E00E
:101DF0000024B5EEC02AF1EE10FA01DD012300E067
:101E00000023F5EEC02AF1EE10FA01DD012200E018
:101E1000002204EB430303EB8202072A11D2DFE81E
:101E200002F0100406080A0C0E00022116E006213A
:101E300028E001210DE004211AE0032113E005212F
:101E40001BE0072922D2DFE801F02104090E131854
:101E50001D0022EE200A21EEA01A17E022EE600AF1
:101E600022EEE01A12E021EEA00A22EEA01A0DE006
:101E700021EEE00A22EE601A08E022EEA00A22EE2D
:101E8000201A03E022EEE00A21EEE01A444A70EE46
:101E9000010A10EE903ADFED431A934207DD80EE1F
:101EA000202AC1EE202A22EE210A22EEA11A70EE8B
:101EB000210A072970EE810A60EE830A30EEC00A1B
:101EC00030EE411A28D2DFE801F027040B10151A72
:101ED0002100C0ED120A80ED130A80ED141A1BE0F8
:101EE00000F1480181EC030A16E080ED121AC0ED02
:101EF000130A0FE080ED121A80ED130A03E080ED63
:101F0000120A80ED131AC0ED140A05E0C0ED120AA2
:101F100080ED131A80ED140A90ED120A10EE101ADB
:101F2000914202DDB0EE610A06E0B5EEC00AF1EEC4
:101F300010FA01D2B0EE630AD0ED130A80ED120A56
:101F400010EE901A914202DDF0EE610A06E0F5EE25
:101F5000C00AF1EE10FA01D2F0EE630A90ED141A05
:101F6000C0ED130A11EE101A914202DDB0EE611AB3
:101F700006E0B5EEC01AF1EE10FA01D2B0EE631A27
:101F800080ED141A90F82120C16830BC1046084733
:101F9000D7B35DBFD7B35D3F000000001ED9144426
:101FA00000E0AB4500E0AB4510B59FED100A0446DC
:101FB000406A84ED520A84ED2C0A84ED330A84EDE4
:101FC000440A84ED2F0A84ED360A84ED3D0A084365
:101FD000606294F8210054F8081F8847E168607E29
:101FE0008847012084F8200010BD00000000000098
:101FF000B0EEC00AF1EE0C1A9FED131A60EE211A32
:10200000F0EE000A114A124981EE810A20EE200A00
:1020100010EE100A904202DA9FED0E0A05E010EE73
:10202000100A884201DD9FED0C0ADFED0C1ADFED8E
:102030000C0AB7EE001A20EE210A60EE200A30EEFC
:10204000811A80EE810A7047000070420000A042B1
:10205000000048440000A04200004844DB0FC94093
:10206000ACC52738B4EEE00AF1EE10FA02DDB7EEA7
:10207000000A7047B1EE601AB4EEC10AF1EE10FA30
:1020800002D2BFEE000A704780EE201AB0EE410A7D
:102090007047000070B504462DED088BF0EE40AAA5
:1020A0009FEDDE9AD0F858010026B0F5FA7F0BD2EA
:1020B000401CC4F8580100EE100AB0EE088AB8EED1
:1020C000400A00EE098A01E09FEDD58AB4F81A2192
:1020D000B4F81E1194ED183ADFEDD22AD4ED1A0AA5
:1020E0009FEDD12A00EE102AD048B3EE041AF8EE84
:1020F000403A00EE101AFBEE041A73EEC33AB8EE43
:10210000403A23EEA20A73EE600A84ED160A60EEEE
:10211000820AB0EEC02A12EE101AC4ED150A8142EE
:1021200009DBB5EEC00A4FF00506F1EE10FA31FEFC
:10213000210A84ED160AB0EEE00A10EE101A814270
:1021400009DBF5EEC00A4FF00506F1EE10FA31FE9C
:10215000210A84ED150A2046FFF78CFD0321204655
:10216000B0EE6A0A04F03AFF02287DD194ED480AE5
:10217000DFEDAF9AF0EE690A06F0E4F9F0EE408A7E
:10218000F5EEC08AF1EE10FA01D278EEA98AB0EE2F
:10219000680A06F069F8F0EE409AB0EE680A06F0B8
:1021A00029FAD4ED1B0A94ED1C1A94F8540160EE40
:1021B000A91A21EE292A401CC0B241EE001A00EEF5
:1021C000C02A0A28B0EE40AAC4ED1F1A84ED202AC6
:1021D00084F854015BD3D4ED521ADFED960A94EDE6
:1021E000530A002084F854016AEEA00AF4EEC01AE3
:1021F000B2EE041AF1EE10FA0BDD00EE810AD4ED16
:102200003A1A84ED530AB4EEE10AF1EE10FA0CDC4E
:102210000DE00CD200EEC10AD4ED3A1A84ED530A57
:10222000B4EEE10AF1EE10FA01D2C4ED531A94EDC6
:10223000530AD4ED491AD4ED3D0A70EE618A2AEEB4
:10224000810A28EE891A41EE000AB2EE0C0A06F065
:10225000D7F8F0EE400ABAEE0C0A06F0ADF8DFED62
:10226000760A68EEA00A00E0D4E084ED3D0A70EE44
:10227000200AB2EE0C0A06F0C3F8F0EE400ABAEEFD
:102280000C0A06F099F884ED3C0A84ED330A9FEDC0
:102290006B0A84ED2C0A9FED6A0A2046FFF706FDC3
:1022A000D4ED1F0ADFED673ADFED672A674DDFEDFA
:1022B000681AC4ED2D0A94ED201A84ED341A84EDC9
:1022C000308A84ED378AD4ED2C4A94ED4C0A94ED93
:1022D0002F2A34EEE09A94ED2A3A94ED334A60EED8
:1022E000233A03EE092A60EE222A74EE418A23EE95
:1022F000811A62EEA00A32EE011A40EE210A85ED43
:10230000011A94ED360AD4ED311A01EEA80A70EEE6
:10231000200A21EE010AC5ED020A00EEA00A06F02D
:1023200033FAB0EE401AD5ED011AB4EEC81AB7EE82
:10233000000AF1EE10FAC5ED031AD5ED020AC5ED5B
:10234000040A85ED050A0FDD88EE010AB0EE611A78
:1023500085ED050A21EE002AB0EE601A21EE001A82
:1023600085ED032A85ED041A94ED2B1A94ED322A9B
:102370009FED380A21EE091A22EE282A95ED039ADC
:10238000D5ED048A21EE2A1A22EE2A2A79EE611A64
:1023900078EEE00A94ED2F3AD4ED362A00EE211AB9
:1023A00000EE202AB0EE480A71EE030A72EE22AA6D
:1023B00006F026F8F0EE400AB1EE480AB0EE40BA58
:1023C00005F0FAFF84ED2F0AF0EE6A0AB0EE480A33
:1023D00006F016F8F0EE400AB0EE4B0A05F0ECFFFE
:1023E00084ED360A29EE290A69EE0A0A84ED2E9A4E
:1023F000C4ED358A08EECA0A48EEA90A84ED279A88
:10240000C4ED288A204684ED210AC4ED220AFFF794
:10241000CDFC3046BDEC088B70BD00004260E53B52
:102420005E690C41906132BA9061323A0000A0417D
:10243000DB0FC94000007A446F12033A000000002D
:10244000ACC52738324FBCB8324FBC381800002416
:102450006F12033BCDCCCC3D70B50546104A00EB66
:10246000450000EBC50002EB4014204684F82150E3
:1024700000F074FA2168284688472046FFF743FC9D
:10248000616828468847216928468847002084F8E3
:102490002800012184F85C11C4F8500170BD0000CF
:1024A000F40300242DE9F041804600EB400101EBEC
:1024B000C800C64901EB40142DED068B94F85C0171
:1024C000012804D00420BDEC068BBDE8F08104F5A2
:1024D0008F73A5699A1E4046911EA84794F828005C
:1024E00000250327DFEDBA8ABA4E9FEDBB8A9FED28
:1024F000BBAA0528B7EE009A28D2DFE800F003282F
:1025000063EFEE00B0EE680AE168B0EE401AF0EE5C
:10251000400A94F82100884794ED520A06F066FAC2
:1025200010EE100AB04211DDC4F85051404684ED5F
:10253000488A84ED448A84ED2F8A84ED368A84EDBE
:102540003D8A21698847012084F828003CE1B0EEEB
:10255000000A84ED270A84ED288A84ED488A84EDF8
:10256000448A84ED4A8A2046FFF7AAFB2046FFF7FB
:102570001DFC94ED520A06F039FA10EE100AB04232
:1025800004DAC4F8505184F828501DE1D4F8500101
:10259000401CC4F85001B0F57A6FD7D994ED520AB7
:1025A000DFED8F0A9FED8F1AB5EEC00A0220C4F846
:1025B0005051F1EE10FA84F8280030FE810A84EDC3
:1025C000440A01E1B0EE4A0A204600F01DF994EDFC
:1025D000520A06F00BFA10EE100AB04219DAB0EE09
:1025E000680A94F8210054F80C1FB0EE401AF0EE7F
:1025F000400A884784ED4A9A84ED208A84ED218A36
:1026000084ED228A84ED238A84ED498AC4F84451FA
:10261000C7E0D4ED4C9ADFED748A9FED749AD4F83C
:10262000506169EEA80A761CC4F8506180EE890AF0
:1026300006F0DCF9B0EE40AA9FED6D0A06F0D6F97F
:102640003AEE400A06F0D2F942F23410864264D9DA
:1026500010EE100A674988425FDA6748674990EDD3
:10266000000AB0EEC00A10EE100A884255DA94ED66
:10267000520AB5EEC00AF1EE10FAB0EE690A02DDB8
:1026800006F0B4F903E006F0B1F9B1EE400A94EDBA
:10269000281AD4ED200A94ED522AF0EE411A84ED66
:1026A000440ADFED579A84ED2F8A84ED2E8AC4ED1B
:1026B000330AB5EEC02A84ED361AC4ED351AF1EEB0
:1026C00010FA94ED4C0A0ADD06F090F920EE280A83
:1026D000C0EE090A30EEA90A0BE06FE01EE006F03A
:1026E00085F920EE280AC0EE090A30EEA90AB1EEFB
:1026F000400A84ED530A94ED200AD4ED480A9FED78
:10270000411A84ED3D1A84ED3C0AC4ED4A0A84F86E
:10271000545184F82870C4F8585155E094ED520A89
:10272000F0EE409A06F062F910EE100AB04218DAA4
:10273000B0EE680A94F8210054F80C1FB0EE401A6D
:10274000F0EE400A884784ED4A9A257784ED208A86
:1027500084ED218A84ED228A84ED238A84ED498ADE
:1027600032E0D4ED530ABFEE000AF5EEC00AF1EEF6
:1027700010FAF5EEC09A69FE000AF1EE10FA29FE91
:10278000000AF4EE400AF1EE10FA0CD0B0EE680A3E
:1027900094F8210054F80C1FB0EE401AF0EE400AF5
:1027A0008847257710E0B0EE4A0A2046FFF772FC12
:1027B00000287FF488AE84F8287005E0A1684046C0
:1027C000884761694046884700207CE6F40300247E
:1027D00000E02B450000484200000000ACC527384F
:1027E00058E95B4358E95BC300007042E0ED2F42BB
:1027F000000096430000F04130000024CDCCCC3DD9
:1028000000004842AE47613E70B504462DED028B94
:10281000B0EE408AB0F81A11B0F81E2190ED183AC7
:10282000DFED450A90ED1A2ADFED442A00EE101A7A
:1028300043480025B3EE041AF8EE403A00EE102AA1
:10284000FBEE041A33EEC33AB8EE400A63EE200AF8
:1028500030EE420AC4ED160AB0EEE02A20EE220A5B
:1028600012EE101A84ED150A814209DBF5EEC00A5A
:102870004FF00505F1EE10FA71FE210AC4ED160ABB
:10288000F0EEC00A10EE901A814209DBB5EEC00AE4
:102890004FF00505F1EE10FA31FE210A84ED150A1C
:1028A0002046FFF7E7F902212046B0EE480A04F07F
:1028B00095FB2046FFF756FA94ED520A9FED211A38
:1028C000DFED211ADFED210AB5EEC00A84ED271AEB
:1028D000F1EE10FAC4ED281A04DD94ED480A08EE72
:1028E000200A08E0B5EEC00AF1EE10FA94ED480AAD
:1028F00003D208EE600A84ED480AB7EEC00A9FEDE5
:10290000141B05F0A1FDB7EEC00B84ED480AB5EE2F
:10291000C00AF1EE10FA05D2DFED0F0A30EE200A00
:1029200084ED480A2046FFF7CBF92046FFF73EFA30
:10293000BDEC028B284670BD906132BA9061323A8C
:102940000000A041000000006666E64058E95B43D5
:1029500000000060FB211940DB0FC94010B52022A8
:10296000044696B0FDF747FEE16994F821008847D8
:1029700024491C226846FDF73EFE1C22694604F1EC
:10298000A800FDF738FE1F491C2207A81C31FDF7DF
:1029900032FE1C2207A904F1C400FDF72CFE1949E0
:1029A0001C220EA83831FDF726FE1C220EA904F1C8
:1029B000E000FDF720FE134A04F1480C9FED120AD7
:1029C00054320020F7EE000A0ECA6067A067C4F810
:1029D0008C00C4F8900020666066A0668CE80E004B
:1029E00084ED440A84ED4C0A84ED520A84ED480AD1
:1029F00084ED530AC4ED4D0AC4F8500184F8200058
:102A000016B010BD549100080000000000EB40011A
:102A100001EBC000044901EB401080ED520A80ED4B
:102A20003A0A002070470000F4030024F8B500279C
:102A3000044615460E46009790F85C0001280BD01E
:102A4000012084F85C002046FEF758FE0100206E4D
:102A500004D040F010002DE00220F8BD20F4885092
:102A600040F002002066206806F4803205F08043C2
:102A7000134D1A4383682B401A4342F00042826090
:102A8000104A20680EE0009B5B1C0093934209D320
:102A9000206E84F85C7020F0020040F01000206688
:102AA0000120F8BD8368DB0FEDD1206E20F002001D
:102AB00040F001002066084684F85C70F8BD000014
:102AC000C0FFFE3F00F8C3252DE9F0470F4690F800
:102AD0005C109CB0044601294FF0000915D0002677
:102AE000DFF8F880012084F85C00189619962168B8
:102AF00041450ED13A4D0095284603F010FE82461E
:102B0000206803F00CFE60B10EE002201CB0BDE8AE
:102B1000F087206E84F85C6040F020002066012081
:102B2000F4E7BAF1000F09D0216E4FF0010941F02E
:102B300020002066484684F85C60E7E7206841464C
:102B4000884201D0A84201D1264800E0264840F63C
:102B50001F72D7F800C0254BBCF1000F23D0D0F86E
:102B600008C0D7F804802CF4404C4CEA080CC0F89C
:102B700008C0D4F800C08C4501D0AC4507D18968A5
:102B8000AB6801F0010103F00103194302E0996809
:102B900001F001010029CDD1BD683968836829435E
:102BA0009343194317E0876827F4404787602768F5
:102BB0008F4201D0AF4207D18968AB6801F00101B3
:102BC00003F00103194302E0996801F001010029B3
:102BD000B0D1816891438160ACE7000000200240E1
:102BE00000210240002302400063025800600258A6
:102BF0002DE9F84F04460D460020FC4E009081461A
:102C000094F85C10DFF8E8B3FA4F0129206807D088
:102C10004FF0010A84F85CA003F07DFD18B195E245
:102C20000220BDE8F88F286800280FDB2168B14238
:102C30000CD0CA69030327D090FAA0F0B0FA80F054
:102C400000F01F030AFA03F00243CA61D5E900123B
:102C50004FF00C0C20681F23C1F384610CEA921C16
:102C600002F01F02604493409140026B9A430A4372
:102C70000263206803F04FFD8046206803F047FDA3
:102C800058EA000003D058E1C0F38460D8E72A680E
:102C90004FF0040C20680723A9680CEAD25CC2F349
:102CA000045260449340914042699A430A4342610E
:102CB0002068B04204D1C2686969C2F3C1020BE066
:102CC000CD4A1268BAEB127F02D0C168C90605D49A
:102CD000C2686969C2F38202520004E0C26869698D
:102CE00002F01002520891402A69042A5ED02B6833
:102CF00000EB8202B04202F160020CD1106803F0D6
:102D0000F843DFF8F8C20B4300EA0C00184340F028
:102D10000040106008E0D2F800C003F0F84008431B
:102D20000CF00041014311602068B0421CD12A69B7
:102D3000E96900EB8200026E22F080720A430266AB
:102D400095F8201020682A6901290AD00021B04294
:102D500099D100EB8200026E22F000720A430266F3
:102D6000EBE04FF00071F2E795F821102A69012994
:102D700016D0002100EB8200026E22F000420A43CE
:102D80000266297E20682A6901290CD00021036986
:102D900002F01F02914023F4F0420A430261CCE0AA
:102DA0004FF00041E6E74FF40061F0E7B04273D125
:102DB000002103F0A6FC000320684FF000016DD055
:102DC00003F09FFC90FAA0F0B0FA80F128680203AB
:102DD00069D090FAA0F0B0FA80F0814204D10022CC
:102DE0002068114603F0A8FC2068012103F089FC4B
:102DF000000320684FF0010158D003F082FC90FAE4
:102E0000A0F0B0FA80F12868020354D090FAA0F044
:102E1000B0FA80F0814204D120680022012103F041
:102E20008BFC2068022103F06CFC000320684FF04B
:102E3000020143D003F065FC90FAA0F0B0FA80F1F3
:102E4000286802033FD090FAA0F0B0FA80F08142E7
:102E500004D120680022022103F06EFC20680321C7
:102E600003F04FFC000320684FF003012ED003F065
:102E700048FC90FAA0F0B0FA80F1286802032AD04A
:102E800090FAA0F0B0FA80F0814256D1206800227A
:102E9000032103F051FC50E020E0FFE703F031FC98
:102EA000C0F3846192E7C0F3846096E703F029FCE5
:102EB000C0F38461A7E7C0F38460ABE703F021FCB3
:102EC000C0F38461BCE7C0F38460C0E703F019FC81
:102ED000C0F38461D1E7C0F38460D5E7016E2A783E
:102EE00001F0F841B1EB826F03D1016E21F0004196
:102EF000016620682978426E02F0F842B2EB816FD9
:102F000003D1416E21F00041416620682978826E2C
:102F100002F0F842B2EB816F03D1816E21F00041E3
:102F2000816620682978C26E02F0F842B2EB816FA8
:102F300003D1C16E21F00041C1662068816811F0A3
:102F4000010F52D12E49B042EB682A680FD1D0F858
:102F5000B0C003F01808C2F3130321FA08F11140BE
:102F60002CEA030C4CEA010CC0F8B0C00EE0D0F81B
:102F7000C0C003F01808C2F3130321FA08F111408E
:102F80002CEA030C4CEA010CC0F8C0C0E9685945B2
:102F900072D11C482268DFF870C0DFF870B082423E
:102FA000DFF86CE01B481C4BDFF8708045D12968C6
:102FB000614567D0B1EB4C0C71D071456BD0A1F17C
:102FC000865CBCF1100C77D0DFF854C0614571D03D
:102FD000DFF850C0614507D0814276D0994249D090
:102FE0001148814224D1114879E0B5E000600258CF
:102FF0000000FF47002102400010005C00F0FF03CA
:10300000FFFF0F00002002400200300440002019A2
:103010000800900C0008302E00106032002090361E
:103020002000F0140004002A000021430000524751
:103030006E48814252D16E4851E0BA421DD1296892
:1030400061451FD0A1F1066CBCF1040C27D071457D
:1030500021D0A1F1865CBCF1100C2DD0DFF894C119
:10306000614527D0DFF890C1614538D081422CD02E
:103070009942DDD1404632E040E0B2422ED129688B
:10308000614501D101202AE0A1F1066CBCF1040CDC
:1030900005D0714505D1594821E000E00CE05846C3
:1030A0001DE0A1F1865CBCF1100C05D0DFF844C135
:1030B000614504D1524812E0524810E005E0DFF8C3
:1030C00038C161450BD0814201D1184607E04E4816
:1030D000414504D0814201D14C4800E00020B24279
:1030E0000CD0D169030319D090FAA0F0B0FA80F0A7
:1030F00000F01F030AFA03F00143D161D5F800C0C4
:10310000BCF1000F28DA424B20684249DFF808A1E1
:10311000984201D0B84203D10A4602E0800EE7E7A8
:1031200052469268984202F0E07201D0B84209D14A
:103130009D68D7F8088005F0010508F0010845EA08
:10314000080502E0B56805F0010555B1216E4FF0A4
:10315000010941F020002066002084F85C00484608
:103160005FE52E4DAC451CD115021AD4B042F3D107
:10317000984202D0B84200D051468B6842F4000019
:1031800023F0E07202438A60264925480968B1FBB2
:10319000F0F04000801C00E0401E00900028FBD1B1
:1031A000DAE7214DAC450CD1D5010AD4B042D3D1D8
:1031B000984202D0B84200D051468B6842F08070ED
:1031C0000EE01A4DAC45C7D15502C5D4B042C3D1AB
:1031D000984202D0B84200D051468B6842F4800039
:1031E00023F0E07202438A60B6E700000000844BDF
:1031F0000000B84F2000F0140004002A8000501D89
:103200000002B025000180210040C03A0080F03E5D
:10321000002002400023024000630258000052C711
:10322000400D030010000024000021C3000084CBE7
:1032300070477047704700002DE9F8434FF00005D4
:1032400004002E46009502D0206E18B108E001203F
:10325000BDE8F883204600F043F9656684F85C50C9
:1032600020688168C1F3407119B181688E4A1140AC
:10327000816020688168C1F3007181B981688B4ADF
:10328000114041F0805181608A4989480968B1FB49
:10329000F0F0401C00E0401E00900028FBD12068A8
:1032A0008168C1F3007141B9216E012641F010011E
:1032B0002166616E41F00101616603F02CFA216E16
:1032C000C90600D420B1206E012640F01000E0E0D5
:1032D000206E20F4807040F0020020662068816833
:1032E000754D11F0010F1ED1744B754A984201D0F3
:1032F000904207D19968976801F0010107F0010732
:10330000394302E0A96801F0010161B9984201D096
:10331000904201D16B4800E06B488268616822F4FA
:103320007C120A4382602168A9421FD1637ED4E9DE
:103330000207E26B5B033A43082805D00C280FD044
:103340001C280FD018280FD05FF0000000F00C07E9
:1033500094F8200043EA47031A4342EA00400FE092
:103360000420F3E70820F1E71C20EFE7627E94F8E1
:103370002030A768E06B520342EA0342384310430F
:1033800094F82020012A04D1A28C504B03EB424236
:103390001043A26A2AB1E36A02F47872024343EA54
:1033A0000200CA68A9420BD1494B1A400243CA60C5
:1033B0002068626B016921F040611143016103E003
:1033C000444B1A400243CA60206803F0A4F9074640
:1033D000206803F09CF907434ED12068A946484570
:1033E00006D1217E94F83820890341EA420103E0A6
:1033F000227E216B41EA8231C26844F203039A4380
:103400000A43C26094F844000128206803D001698F
:1034100021F0010122E048450ED1D4E9121CD4E983
:10342000143502692C4F41EA0C012B433A401943F1
:10343000114341F0010111E0D4E91317B4F848C079
:10344000DFF89880636D026908EB0C4C224D39431C
:1034500043EA0C036D1E2A401943114301612068A1
:10346000236C026922F070421A43026120684845C9
:1034700002D02046FEF78AF82069012820680BD088
:10348000016B21F00F010163206E20F0020040F07B
:10349000010020663046DBE6E269016B521E21F036
:1034A0000F011143EFE70000C0FFFF5FC0FFFF7F88
:1034B000400D03001000002400600258002002406C
:1034C0000021024000230240006302580000FEFF7A
:1034D0000740F0FF03C0F0FF1FF800FC0100FFFFF2
:1034E0002DE9F04F87B0064614216846FDF7B5F880
:1034F000454B002543480324DFF810814FF4006753
:10350000D6F800C0083019684FF480693D4AC445B8
:103510004FF4005A4FF4807B01F101013BD10129A6
:10352000196007D1116841F020011160116801F0A4
:1035300020010591016841F002010160016801F07C
:1035400002010591016841F02001016000686946AF
:1035500000F02000059002208DE831002C4800F09A
:1035600037FC009769462B48CDE9014500F030FC57
:10357000294C4FF0090C294B20462360C4E901C5B2
:10358000C4E90359C4E907B5656231E0B465A663CF
:1035900007B0BDE8F08FDFF88880C445F8D1012975
:1035A000196007D1116841F020011160116801F024
:1035B00020010591016841F0010101600068694640
:1035C00000F00100059060208DE83100154800F002
:1035D000FFFB114C4FF00A0C104B7834183B20467F
:1035E0002360C4E901C5C4E90359C4E907B56562AC
:1035F000C4E9057A00F0AEF80028C7D0FEF729FB31
:10360000C4E70000D8440258000000240020024013
:10361000000402580014025844010024280002400B
:1036200000210240000002582DE9F047404E0446B8
:1036300000689146DFF8FC808A46B04201D04045E0
:1036400001D13D4900E03D49896801F01F0503F0C3
:1036500062F800286AD194F85C00012866D0012045
:103660004FF0000784F85C0025B1052D02D0092D2C
:1036700000D003E02046FEF779F818B184F85C70BA
:10368000BDE8F087216E40F601632068994340450C
:1036900041F48071216600D00646864200D01DB9F3
:1036A000206E20F480102066206EC00404D5606E69
:1036B00020F00600606600E067661C20A26D214BCA
:1036C0001F49D363A36D204A1A64A36D1F4ADA64AD
:1036D0002268106084F85C702068426842F0100232
:1036E0004260206888420DD194F83810C26822F0F8
:1036F000030242EA4102C2602068C16841F0010150
:10370000C16005E0C268216B22F003020A43C26077
:1037100021684B46A06D5246403100F0F9F921680E
:103720000B4B8A681A40121D8A60A9E70220A7E79E
:1037300000200240002102400023024000630258A2
:103740000060025871160008F3160008D916000828
:10375000C0FFFF7F2DE9F05F044600F051FC002C14
:1037600007467DD0E24E022120684FF00308DFF8C3
:1037700084934FF00005DFF880A3B042DFF87CB3FC
:1037800034D0DB4A1832904230D048452ED05045D4
:103790002CD058452AD0D94A1832904226D0D74A40
:1037A0003032904222D0D54A483290421ED0D44A7C
:1037B00090421BD0D24A1832904217D0D04A3032B1
:1037C000904213D0CE4A483290420FD0CC4A603259
:1037D00090420BD0CA4A7832904207D0C84A903201
:1037E000904203D0C64AA83290427DD184F8351069
:1037F000B04284F834502ED0BD49183188422AD0C6
:10380000484528D0504526D0584524D0BB491831CA
:10381000884220D0B949303188421CD0B74948315C
:10382000884218D0B649884215D0B5491831884227
:1038300011D0B349303188420DD0B1494831884266
:1038400009D0AF496031884205D0AD49783188420E
:1038500001D0AB499031016821F00101016008E01D
:1038600025E100BF00F0CCFBC01B052801D92021B9
:103870001AE120680068C007F4D1D4E90203216886
:10388000103418438E4694E88410D4E9033809684C
:103890003A4310439B4A40EA0C00676918431140C1
:1038A000103C40EA0800042F40EA010003D1D4E9AB
:1038B0000B12114308436168A1F12902052A0BD9B3
:1038C000163A032A08D9083A012A05D9083A032AE0
:1038D00002D97439032901D840F48010CEF80000D1
:1038E0002068676A406900E020E0042F20F00700AC
:1038F00047EA00070DD1D4E90A01074349B1204640
:10390000FEF76CF828B140206065012184F835107D
:10391000CDE0206847612046FDF77EFF94F85C20EB
:103920003F2102F01F029140816055E0764A9042AB
:103930001BD0754B1433984217D0734B28339842E1
:1039400013D0714B3C3398420FD06F4B5033984299
:103950000BD06D4B6433984207D06B4B7833984251
:1039600003D0694B8C3398427ED184F8351084F8AB
:103970003450664B0168A26801EA030E402A74D0F5
:10398000802A73D05FF00002D4E90378D4E90531CE
:1039900042EAD70242EAD8085B4AD4E9077C48EAFF
:1039A000D30848EAD10141EAD701524241EA1C1149
:1039B000142341EA0E01016020681044B0FBF3F0CB
:1039C0008000E0652046FDF727FF94F85C20012188
:1039D00002F01F02914041602068B04257D0444934
:1039E0001831884253D0484551D050454FD05845A2
:1039F0004DD042491831884249D04049303188423F
:103A000045D03E494831884241D03D4988423ED068
:103A10003B49183188423AD039493031884236D052
:103A200037494831884232D03549603188422ED0FA
:103A30003349783188422AD031499031884226D0A2
:103A40002F49A831884222D02F4988421FD02E49C1
:103A5000143188421BD02C492831884217D02A497A
:103A60003C31884213D002E01DE017E018E02649FF
:103A7000503188420BD024496431884207D0224912
:103A80007831884203D020498C31884229D12046A0
:103A9000FDF71CFFA06880280CD00CE0102273E713
:103AA0004FF4804270E74021616584F83580012041
:103AB000BDE8F09F6560216E20790860D4E91901A6
:103AC00041606068401E072808D82046FDF74CFF7B
:103AD000E06E0560D4E91C01416002E0E5662567FF
:103AE00065670120656584F835000020E0E7000087
:103AF00010000240400002405800024070000240A6
:103B0000100402403F8010FE085402580F00FEFFD0
:103B10002DE9F84F04008C464FF00000009014D0BF
:103B200094F83400012812D094F835500120002177
:103B300084F83400012D0CD0C00260650120009093
:103B400084F834100098BDE8F88F0120FBE70220CC
:103B5000F9E78C4D0226206884F83560A8428A4D2A
:103B600061658A4E8A4FDFF82C82DFF82C92DFF8ED
:103B70002CA2DFF82CB226D0A84224D0B04222D00A
:103B8000B84220D040451ED048451CD050451AD0E0
:103B9000584518D08349884215D082491831884247
:103BA00011D08049303188420DD07E494831884259
:103BB00009D07C496031884205D07A497831884201
:103BC00001D078499031016821F00101016061461E
:103BD0002046FDF72DFF6B49206888422CD0A84273
:103BE0002AD0B04228D0B84226D0404524D04845FB
:103BF00022D0504520D058451ED06A4A90421BD052
:103C0000684A1832904217D0664A3032904213D038
:103C1000644A483290420FD0624A603290420BD0E0
:103C2000604A7832904207D05E4A9032904203D088
:103C30005C4AA83290420CD1026822F01E0242F087
:103C400016020260206C88B12068026842F0080207
:103C50000BE0026822F00E0242F00A020260206CC1
:103C600020B12068026842F00402026020688842A5
:103C70004BD0A84249D0B04247D0B84245D0404589
:103C800043D0484541D050453FD058453DD0454AA6
:103C900090423AD0434A1832904236D0414A3032AC
:103CA000904232D03F4A483290422ED03D4A603254
:103CB00090422AD03B4A7832904226D0394A9032FC
:103CC000904222D0374AA83290421ED0364A9042C3
:103CD0001BD0354A1432904217D0334A28329042D2
:103CE00013D0314A3C3290420FD02F4A503290428A
:103CF0000BD02D4A6432904207D02B4A7832904242
:103D000003D0294A8C3290420DD1206E0268D20332
:103D100003D5026842F480720260E06E18B1026856
:103D200042F4807202602068884226D0A84224D0E3
:103D3000B04222D0B84220D040451ED048451CD0C9
:103D400050451AD0584518D01649884215D0154903
:103D50001831884211D01349303188420DD01149B1
:103D60004831884209D00F496031884205D00D4959
:103D70007831884201D00B499031016841F001014E
:103D80000160DFE6100002402800024040000240CF
:103D9000580002407000024088000240A00002402B
:103DA000B8000240100402400854025870B504469E
:103DB00000F026F90546601C02D00448007804444F
:103DC00000F01EF9401BA042FAD370BD040000248D
:103DD0002DE9F84F03247C4D00234FF001094FF0EB
:103DE000B04B4FF00F0AE7E009FA03F632407BD000
:103DF0000F7907F00307012F01D0022F1AD187682E
:103E00004FEA430ED1F80CC004FA0EF827EA08076F
:103E10000CFA0EFC4CEA070CC0F808C0476891F891
:103E200004C0B743CCF3001C0CFA03FC4CEA070CAB
:103E3000C0F804C00E79F643B60702D18E68012E91
:103E40000BD0C7684FEA43088E6804FA08FC27EADB
:103E50000C0706FA08F63E43C6600E7906F0030624
:103E6000022E12D1DE080F694FEA437C00EB860672
:103E7000B646366A4FEADC6C0AFA0CF807FA0CF719
:103E800026EA08063743CEF820700F7906684FEA15
:103E9000430807F0030704FA08FC07FA08F726EAC4
:103EA0000C06374307604E6816F4403F1CD0474E5F
:103EB000376847F00207376036689F0706F002064A
:103EC000009623F0030606F1B046B6463F0FD6F83B
:103ED0000864DFF8FC800AFA07FC404526EA0C0675
:103EE00003D14FF0000C3AE065E0DFF8E8C0604530
:103EF00002D14FF0010C32E0DFF8DCC0604502D1A6
:103F00004FF0020C2BE0DFF8D4C0604502D14FF037
:103F1000030C24E0DFF8C8C0604502D14FF0040C68
:103F20001DE0DFF8C0C0604502D14FF0050C16E07F
:103F3000DFF8B4C0604502D14FF0060C0FE0DFF8A7
:103F4000ACC0604502D14FF0070C08E0DFF8A0C01C
:103F5000604502D14FF0090C01E04FF00A0C0CFA59
:103F600007FC4CEA060CCEF808C44F68DBF800608A
:103F7000FF0226EA020600D516435F46CBF8006032
:103F8000D1F804C0DBF804605FEA8C2C26EA020654
:103F900000D516437E606E684F6826EA0206BF03AE
:103FA00000D516436E602E684F6826EA0206FF03AE
:103FB00000D516432E605B1C0A6832FA03F67FF4C4
:103FC00013AFBDE8F88F000080000058F444025899
:103FD000000002580004025800080258000C025861
:103FE000001002580014025800180258001C025811
:103FF000002402580AB1816170470904FBE7000000
:10400000014880687047000004000024024881686D
:10401000027811448160704704000024032010B529
:1040200000F0D4F801F068FA0F4A104914681368D8
:10403000C4F3032203F00F038A5CC95C02F01F0281
:1040400001F01F01D0400A4A20FA01F1116009492C
:1040500008600F2000F010F808B1012010BD00F03A
:1040600079F8002010BD000018440258449100085F
:10407000140000241000002470B50D4D044628786B
:10408000A0B14FF47A71B1FBF0F00A490968B1FBB5
:10409000F0F001F060FD48B9102C07D20022214653
:1040A000501E00F073F800206C6070BD012070BDE0
:1040B0000400002410000024154BF0B5083B4278A2
:1040C00013491A600B680A1F23F001030B60436851
:1040D0001360057BC67A827A437B2D07847B45EA91
:1040E0000665C77B90F809C0067A90F800E045EABB
:1040F000C24040EA834040EA444040EA074040EA88
:104100000C2040EA460040EA0E000860F0BD0000C6
:10411000A0ED00E0BFF35F8F044800210368034A6D
:1041200023F48033036070321160704724ED00E0A7
:10413000074A40F00100064970321060086840F4F8
:1041400080300860BFF34F8FBFF36F8F7047000060
:1041500024ED00E0054808B5016841F00201016066
:10416000006800F00200009008BD0000F44402580E
:10417000002809DB410900F01F028900012001F13C
:10418000E0219040C1F80001704700000E4BF0B4F0
:104190001B680D46C3F30223C3F10706042E00D9A2
:1041A0000426191D072901D2002300E0DB1E01248B
:1041B00004FA06F19C40491E2940641E99401440AF
:1041C0002143F0BC03F086BF0CED00E0064900F08F
:1041D000070210B54FF6FF040868044B204040EA80
:1041E00002201843086010BD0CED00E00000FA0545
:1041F000134970B50A68D243520705D5096801F022
:104200000701814213D118E00A6822F00702024335
:104210000A60FFF7F5FE0A4D4FF47A760446083D32
:1042200007E000BFFFF7ECFE001BB04201D9012000
:1042300070BD2868C0438004F4D4002070BD000025
:104240000C48025810B501F011F905490968054AF2
:10425000C1F30211515C01F01F01C84010BD000004
:1042600020440258449100084A4930B5494C0B1D7E
:104270000A680C3409681D68246802F0030305F01D
:104280000102C1F30511C4F3CC04002914FB02F2AE
:1042900000EE102AF8EE400A76D0414A9FED3E1A11
:1042A000DFED3E1AB7EE000A23B1012B5AD0022BE4
:1042B00018D15CE0374C283C23689B0612D5394B5B
:1042C000246801EE901A1168C4F3C104F8EE612A63
:1042D000E34001EE903AC1F30801F8EE611A81EE75
:1042E000A22A07E002EE101A1168F8EE422A81EEC7
:1042F000A22A45E001EE901A1168F8EE611A40EE2C
:10430000811A71EE800A62EE200AC1F3462101EEA5
:10431000101AB8EE411A31EE001AC0EE811ABCEE46
:10432000E11A80ED001A1168C1F3064101EE101A7E
:10433000B8EE411A31EE001AC0EE811ABCEEE11A55
:1043400080ED011A1168C1F3066101EE101AB8EE92
:10435000411A31EE000A80EE801ABCEEC10A80EDEF
:10436000020A30BD01EE901ADFED0F2A03E001EEE4
:10437000901ADFED0E2A1168F8EE611A82EEA12A7A
:10438000C1F30801B6E7FFE70021016041608160E9
:1043900030BD000028440258000000390024744C4D
:1043A000304402580090D0030024744A20BCBE4B15
:1043B000494930B5484C0B1D0A68143409681D681A
:1043C000246802F00303C5F30012C1F30531C4F3FE
:1043D000CC04002914FB02F200EE102AF8EE400A89
:1043E00075D03F4A9FED3D1AB7EE000A6BB1DFED85
:1043F0003D1A012B01D0022B64D002EE101A116875
:10440000F8EE422A81EEA22A21E0334C283C2368B0
:104410009B0612D5344B246801EE901A1168C4F340
:10442000C104F8EE612AE34001EE903AC1F30801BD
:10443000F8EE611A81EEA22A0BE001EE901ADFED90
:104440002B2A00BFF8EE611A116882EEA12AC1F38F
:10445000080101EE901A1168F8EE611A40EE811A17
:1044600071EE800A62EE200AC1F3462101EE101AB5
:10447000B8EE411A31EE001AC0EE811ABCEEE11A14
:1044800080ED001A1168C1F3064101EE101AB8EE72
:10449000411A31EE001AC0EE811ABCEEE11A80ED2D
:1044A000011A1168C1F3066101EE101AB8EE411A43
:1044B00031EE000A80EE801ABCEEC10A80ED020ADD
:1044C00030BD04E001EE901ADFED092ABAE70021C1
:1044D000016041608160F3E7284402580000003920
:1044E000384402580024744A0090D0030024744CCD
:1044F00020BCBE4B494930B5484C0B1D0A681C34E2
:1045000009681D68246802F00303C5F30022C1F3A3
:104510000551C4F3CC04002914FB02F200EE102A6A
:10452000F8EE400A75D03F4A9FED3D1AB7EE000AFB
:104530006BB1DFED3D1A012B01D0022B64D002EEEE
:10454000101A1168F8EE422A81EEA22A21E0334CBB
:10455000283C23689B0612D5344B246801EE901A40
:104560001168C4F3C104F8EE612AE34001EE903A09
:10457000C1F30801F8EE611A81EEA22A0BE001EE08
:10458000901ADFED2B2A00BFF8EE611A116882EE57
:10459000A12AC1F3080101EE901A1168F8EE611A20
:1045A00040EE811A71EE800A62EE200AC1F34621C4
:1045B00001EE101AB8EE411A31EE001AC0EE811A5F
:1045C000BCEEE11A80ED001A1168C1F3064101EE5C
:1045D000101AB8EE411A31EE001AC0EE811ABCEE84
:1045E000E11A80ED011A1168C1F3066101EE101A9B
:1045F000B8EE411A31EE000A80EE801ABCEEC10A14
:1046000080ED020A30BD04E001EE901ADFED092AC8
:10461000BAE70021016041608160F3E72844025855
:1046200000000039404402580024744A0090D0032E
:104630000024744C20BCBE4B2DE9F04FA14A054626
:10464000DFF87CA280F48070DFF8809289B01311CB
:104650009F4C08439C48AAF104064FF0805C4FF041
:10466000005828D0DFF858B285F480670F430BF16B
:10467000080B4FD085F400670F4360D085F4805756
:104680000F4372D085F400570F434FF480394FF435
:10469000003E69D085F400270F4373D085F480373E
:1046A0000F4370D085F480460E436DD085F40042F0
:1046B0000A436AD02AE0DAF8001001F00701052960
:1046C00024D2DFE801F0F9AA6A259F0006A8FFF7C7
:1046D000CBFD079809B0BDE8F08F6846FFF768FE8C
:1046E0000098F7E703A8FFF705FF0398F2E72068B3
:1046F000C0F3C10022FA00F0ECE72268D2056ED5C3
:1047000061456CD11846E5E74145E3D00020E1E77B
:104710004846DFE7DBF8001001F46001B1F5800FD7
:104720003BD005DC00294AD0B1F5001FEED174E082
:10473000B1F5C00FECD0B1F5000FE7D162E0DBF8C6
:10474000001001F0E061B1F1007F26D004DCB1B3CC
:10475000B1F1807FDAD160E0B1F1407FD8D0B1F122
:10476000806FD3D14EE000E01BE0DAF8001001F4D6
:10477000E041B1F5005F10D008DC01B3B1F5805F16
:10478000C4D14AE035E058E065E088E0B1F5405F2B
:10479000BED0B1F5804FB9D134E020688000B5D5E6
:1047A000A0E7DAF8001001F4E021B1F5403F6DD048
:1047B00006DC61B149457BD07145A7D158E07BE06B
:1047C000B1F5802F66D0B1F5A02F9FD10DE000F09C
:1047D0006FFE7FE76846FFF7EBFD01987AE728E078
:1047E00003A8FFF787FE049874E7216889038AD439
:1047F0008CE7DBF8001011F440310ED0494510D0A1
:10480000714583D13168256801F040516D077FF50E
:1048100074AF00297FF471AF69E720680001E7D524
:104820005BE720688000E3D503A8FFF763FE0598E7
:1048300050E722689203DBD566E7306810F48030D9
:104840003AD04845D4D120680001D1D56846FFF759
:10485000AFFD02983EE7DBF8001001F0E041B1F156
:10486000405F13D008DC71B1614521D04145BFD113
:1048700020688000B4D449E7B1F1804F0AD0B1F18B
:10488000A04FB2D042E7FFF7DDFC23E720684007E6
:10489000AED52CE72068C005AAD533E708E0DAF8E2
:1048A000001011F04051A0D0614505D041459FD185
:1048B000206800018ED429E72068800198D505E79B
:1048C000504402580090D00340787D010080BB0026
:1048D000004402582DE9FE4F0546DFF800A450F8C9
:1048E000081B0024FD4FC943019005F1280026460E
:1048F0000AF1240A009008011DD4686E50B1B0F589
:10490000801F0CD0B0F5001F0ED0B0F5401F1ED098
:1049100001240FE0386840F40030386017E0019857
:10492000022102F03BFA03E00098022102F0C6FAED
:1049300004000CD026462888C043C00523D4A86DA7
:1049400005281ED2DFE800F00C11161B1B006A6E52
:10495000DAF8001021F440111143CAF80010EAE718
:10496000386840F40030386009E00198002102F016
:1049700015FA03E00098002102F0A0FA0446C4B141
:1049800000E0012426462888DFF85083C04308F160
:104990002C0840052FD4D5F8A400B0F5C00F28D0BE
:1049A00010DCB8B1B0F5001F19D0B0F5800F0FD1F1
:1049B0001AE0AA6DDAF8001021F007011143CAF8D5
:1049C0000010E0E7B0F5000F13D0B0F5200F10D0C5
:1049D00001240FE0386840F40030386009E00198A5
:1049E000002102F0DBF903E00098002102F066FAF2
:1049F000044694B126462888C043000530D4D5F833
:104A0000A800B0F1407F29D011DCC0B1B0F1807FA7
:104A10001AD0B0F1007F10D11BE0D5F8A420D8F84F
:104A2000001021F460011143C8F80010E3E7B0F171
:104A3000806F13D0B0F1A06F10D001240FE0386860
:104A400040F40030386009E00198002102F0A6F936
:104A500003E00098002102F031FA044694B12646A2
:104A60002868DFF878B2C0430BF1200B80011FD417
:104A7000E86CD8B110280FD0202812D0302815D0DB
:104A8000012414E0D5F8A820D8F8001021F0E06146
:104A90001143C8F80010E3E7386840F4003038608C
:104AA00004E00198022102F079F9044674B1264627
:104AB0002888C043C0042BD4E86DB0F5005F20D037
:104AC0000DDCA0B1B0F5805F0FD115E0EA6CDBF82A
:104AD000001021F030011143CBF80010E8E7B0F5E9
:104AE000405F13D0B0F5804F10D001240FE038683C
:104AF00040F40030386009E00198002102F04EF9DE
:104B000003E00098002102F0D9F904468CB1264652
:104B10002888C043800429D4286EB0F5403F23D0B4
:104B200010DC08B3B0F5803F14D0B0F5003F0FD1D2
:104B300015E0EA6DDAF8001021F4E0411143CAF8FB
:104B40000010E5E7B0F5802F0ED0B0F5A02F0BD008
:104B500001240AE00198012102F020F903E0009805
:104B6000012102F0ABF9044694B126462888C043DF
:104B700040042AD4D5F8AC00B0F1405F23D010DC5B
:104B800008B3B0F1805F14D0B0F1005F0FD115E031
:104B90002A6EDAF8001021F4E0211143CAF800105F
:104BA000E4E7B0F1804F0ED0B0F1A04F0BD001245C
:104BB0000AE00198012102F0F1F803E000980121D8
:104BC00002F07CF9044674B126462888C0430004EC
:104BD0001FD4E86ED8B1B0F1805F0ED0B0F1005FA5
:104BE00010D0012414E0D5F8AC20D8F8001021F042
:104BF000E0411143C8F80010E7E7386840F400309E
:104C0000386004E00198012102F0C8F8044674B14C
:104C100026462868C043C0011ED4A86CD0B1012824
:104C20000ED0022811D0032814D0012413E0EA6E1C
:104C3000DAF8001021F040511143CAF80010E8E7FB
:104C4000386840F40030386004E00198022102F036
:104C5000A5F804466CB126462868C043400255D4E6
:104C60001F48016841F480710160FFF7C9F981466E
:104C70000EE0AA6CDBF8001021F003011143CBF821
:104C80000010E9E7FFF7BCF9A0EB090064283BD866
:104C900013480068C005F5D5BCBBDFF84090B5F8F7
:104CA000B01009F14409D9F8000001F4407100F492
:104CB0004070884211D0D9F80010D9F8002021F4B2
:104CC000407142F48032C9F80020D9F8002022F463
:104CD0008032C9F80020C9F8001003E02C440258C3
:104CE00000480258D5F8B000B0F5807F19D1FFF721
:104CF00087F9029011E000BFFFF782F90299411A8B
:104D000041F28830814208D9032426462878DFF80A
:104D10001494C043C00721D03CE0D9F800008007BC
:104D2000EAD5D5F8B010C1F301200328FE480DD014
:104D3000016821F47C510160B5F8B020D9F8001069
:104D4000C2F30B021143C9F80010DFE7F74A03680A
:104D500002EA111223F47C511143ECE7A86F1828E2
:104D600016D005DCA0B1082808D0102804D10AE02C
:104D700020280DD028280BD001240AE00198012119
:104D800002F00CF803E00098012102F097F80446C5
:104D900064B126462878C04380071ED4686F062871
:104DA00019D2DFE800F0160C11161616AA6FD9F802
:104DB000001021F038011143C9F80010EAE701980A
:104DC000012101F0EBFF03E00098012102F076F8E9
:104DD00004467CB100E0012426462878C043400701
:104DE0001FD4D5F89000062819D2DFE800F0160C81
:104DF000111616166A6FD9F8001021F00701114339
:104E0000C9F80010E9E70198012101F0C7FF03E0AC
:104E10000098012102F052F80446A4B100E00124F8
:104E200026462878C04380062BD4D5F88C00B0F1F4
:104E3000405F24D011DC10B3B0F1805F15D0B0F129
:104E4000005F10D116E0D5F89020D8F8001021F0BE
:104E500007011143C8F80010E3E7B0F1804F0ED00E
:104E6000B0F1A04F0BD001240AE00198002101F01D
:104E700095FF03E00098022102F020F8044694B167
:104E800026462878C04340062BD4D5F89800B0F5C4
:104E9000406F24D011DC10B3B0F5806F15D0B0F5A1
:104EA000006F10D116E0D5F88C20D9F8001021F051
:104EB000E0411143C9F80010E3E7B0F5805F0ED080
:104EC000B0F5A05F0BD001240AE00198002101F0A9
:104ED00065FF03E00098022101F0F0FF044694B161
:104EE00026462878C04300062BD4D5F89C00B0F5A0
:104EF000C04F24D011DC10B3B0F5005F15D0B0F571
:104F0000804F10D116E0D5F89820D8F8001021F481
:104F1000E0511143C8F80010E3E7B0F5004F0ED0A0
:104F2000B0F5204F0BD001240AE00198002101F0D8
:104F300035FF03E00098022101F0C0FF044654B1A0
:104F400026462878C04300071ED4D5F88000B0F567
:104F5000805F0AD00FE0D5F89C20D8F8001021F42B
:104F600060411143C8F80010EBE70098022101F0FE
:104F7000A5FF00B10126D5F88020D9F8001021F452
:104F800040511143C9F800102878C043C00613D41B
:104F9000D5F89400B0F5807F05D10098022101F08A
:104FA0008DFF00B10126D5F89420D8F8001021F427
:104FB00040711143C8F800102868C043000316D49C
:104FC000D5F8A00038B1B0F5803F09D0B0F5003F6A
:104FD0000BD001240AE00198002101F0DFFE03E07C
:104FE0000098022101F06AFF04468CB12646286829
:104FF000C043400322D4D5F88400B0F5801F11D0FF
:10500000B0F5001F13D0B0F5401F15D0012414E0F7
:10501000D5F8A020D8F8001021F440311143C8F889
:105020000010E4E7386840F40030386004E000988D
:10503000012101F043FF04465CB126462868C043C5
:10504000C0031CD4286D70B1B0F5803F10D001248E
:1050500014E0D5F88420D9F8001021F44011114350
:10506000C9F80010EAE7386840F40030386004E01E
:105070000198022101F092FE0446DCB12646286820
:10508000C043800005D40098022101F017FF00B151
:1050900001262868C04380031BD4E86FB8B1B0F57F
:1050A000807F10D0B0F5007F11D0B0F5407F0ED0DA
:1050B00001240DE02A6DDBF8001021F4803111434A
:1050C000CBF80010DBE7386840F4003038607CB380
:1050D00026462868C043C00207D42A6FDAF80010B9
:1050E00021F000411143CAF800102868C043800233
:1050F00007D4AA6EDAF8001021F080711143CAF8C3
:1051000000102868C043400009D40748016821F412
:10511000004101600168D5F8B4201143016028689E
:10512000C04306E05444025810440258CFFFFF0029
:105130001DE007D46A6DDBF8001021F040511143E7
:10514000CBF800102868C043000208D4D5F88820A6
:10515000D9F8001021F440011143C9F80010287952
:105160000024C04300F00100204309D00EE0EA6FA4
:10517000D9F8001021F440711143C9F80010A8E7D4
:105180000198002101F00AFE00B106462879C043CB
:1051900000F00200204305D10198012101F0FEFD3D
:1051A00000B106462879C04300F00400204305D131
:1051B0000198022101F0F2FD00B106462879C043B2
:1051C00000F00800204305D10098002101F076FE90
:1051D00000B106462879C04300F01000204305D1F5
:1051E0000098012101F06AFE00B106462879C0430B
:1051F00000F02000044304D10098022101F05EFE7B
:1052000000B916B10120BDE8FE8F0020FBE70000C9
:105210002DE9F05F04000F467ED0DFF83882D8F821
:10522000000000F00F00B8420CD2D8F8001021F0B6
:105230000F013943C8F80010D8F8000000F00F0043
:10524000B84269D12078844D40070AD52069296881
:1052500001F07001884204D9296821F070010143EE
:10526000296020787C4E361D00070AD560693168B8
:1052700001F07001884204D9316821F070010143C6
:1052800031602078C0060AD5A069316801F4E06178
:10529000884204D9316821F4E0610143316020780B
:1052A000DFF8B4B180060BF1080B0CD5E169584664
:1052B000DBF8002002F07002914204D9026822F06B
:1052C00070020A430260207880070AD5E0682968E6
:1052D00001F00F01884204D9296821F00F01014330
:1052E00029602078C0073ED05B49A2682868183939
:1052F00020F47060104328606068022818D00328EA
:1053000019D00968012819D0490700294ADADFF8BD
:1053100048A1AAF1080A00E044E0DAF8002022F0EF
:1053200007020243CAF80020FEF76AFE814612E037
:1053300009688903E9E709688901E6E7C905E4E73F
:10534000FEF75EFEA0EB090141F28830814202D9EE
:105350000320BDE8F09F6168DAF8000000F0380033
:10536000B0EBC10FECD1207880070AD5E06829683E
:1053700001F00F01884204D2296821F00F01014396
:105380002960D8F80010404601F00F01B9420BD94E
:10539000016821F00F0139430160006800F00F003F
:1053A000B84201D00120D4E7207840070AD520690F
:1053B000296801F07001884204D2296821F0700147
:1053C00001432960207800070AD56069316801F03F
:1053D0007001884204D2316821F0700101433160CC
:1053E0002078C0060AD5A069316801F4E0618842DE
:1053F00004D2316821F4E0610143316020788006F5
:105400000CD5E1695846DBF8002002F070029142A9
:1054100004D2026822F070020A43026000F06CF8C5
:105420000E492A682B68C2F3032203F00F038A5C3B
:10543000C95C02F01F0201F01F01D040084A20FAA7
:1054400001F111600749086007480068BDE8F05F96
:10545000FEF712BE00200052184402584491000882
:1054600014000024100000240800002430B500F0CF
:1054700043F80B4A0B490C4B15681468C5F303221B
:1054800004F00F048A5C095D02F01F0201F01F01A5
:10549000D040064A20FA01F119601060084630BD7C
:1054A00018440258449100081400002410000024FD
:1054B00000B5FFF7DBFF05490968054AC1F3021192
:1054C000515C01F01F01C84000BD00001C4402589F
:1054D0004491000800B5FFF7C9FF05490968054A6E
:1054E000C1F30221515C01F01F01C84000BD000062
:1054F0001C44025844910008454970B54548096864
:10550000434B103B11F0380208D00111082A03D098
:10551000102A0BD0182A0BD0084670BD19688906CE
:10552000FBD51968C1F3C101C84070BD3A4870BDD0
:105530003749374D18310C1D24350A68096826682B
:105540002D6802F0030406F00102C1F30511C5F352
:10555000CC0515FB02F200EE102AB8EE400AE9B3C2
:105560002F4ADFED2E0AB7EE001A6CB1DFED2D1ACF
:10557000012C01D0022C43D002EE101A1068F8EE74
:10558000422A81EEA22A1EE01C68A40611D51B68DF
:1055900001EE901A1168C3F3C103F8EE612AD840F6
:1055A00001EE900AC1F30800F8EE611A81EEA22A1A
:1055B0000BE001EE901ADFED1C2A00BFF8EE611A35
:1055C000106882EEA12AC0F3080001EE900AF8EEFE
:1055D000611A40EE201A31EE810A00E015E022EE59
:1055E000000A1068C0F34620401C00EE900AF8EE56
:1055F000600A80EE201ABCEEC10A10EE100A70BDDF
:1056000001EE901ADFED092AD8E7002070BD0000F6
:10561000104402580090D00340787D01000000390A
:10562000304402580024744A0024744C20BCBE4B01
:105630002DE9F05F04007DD0FF4F2078FE4D183734
:10564000DFF8F483103DC00748D0D8F8000039686F
:1056500000F03800102815D0182803D101F00300FD
:1056600002280FD06068B0F5803F12D010B1B0F5BD
:10567000A02F18D0286820F480302860286820F4F3
:10568000802009E02868800328D560680028D2D0EF
:1056900024E0286840F480302860606888B1FEF714
:1056A000AFFC064609E0286840F480202860F0E757
:1056B000FEF7A6FC801B64287ED828688003F7D5F7
:1056C0000CE0FEF79DFC064605E000BFFEF798FCE7
:1056D000801B6428F0D828688003F7D420788007DE
:1056E00056D5D8F80000DFF85093396810F038002C
:1056F000A9F10C090ED0182801D188070AD0E0685A
:10570000A8B3296821F0190101432960FEF778FC4C
:10571000064628E02868400702D5E06800288AD0BD
:10572000E168286820F0190008432860FEF768FC4B
:10573000064606E0D2E000BFFEF762FC801B0228AE
:10574000BAD828684007F7D5217CD9F8002022F084
:10575000FE4242EA0161C9F8001019E0FEF750FC70
:10576000801B0228A8D828684007F7D5ECE7FFE798
:10577000286820F001002860FEF742FC064604E09D
:10578000FEF73EFC801B022896D828684007F7D415
:105790002078C00646D5D8F80000DFF89C9239681A
:1057A00000F03800A9F10409082812D0182805D102
:1057B00001F00300012800E0CEE00AD0E0690028F3
:1057C000286820D040F080002860FEF719FC0646CB
:1057D00015E02868C00502D5E06980287ED194F8DC
:1057E0002010D9F8002022F07C5242EA0161C9F869
:1057F000001017E0FEF704FC801B0228A0D82868E0
:10580000C005F7D5EBE720F080002860FEF7F8FB35
:10581000064604E0FEF7F4FB801B022890D82868B7
:10582000C005F7D42078000729D583486169643022
:1058300000298146016811D041F001010160FEF7A5
:10584000DFFB064605E000BFFEF7DAFB801B0228FF
:1058500088D8D9F800008007F6D510E021F00101C2
:105860000160FEF7CDFB064605E000BFFEF7C8FB72
:10587000801B022870D8D9F800008007F6D4207861
:10588000800623D5A0690028286810D040F48050F5
:105890002860FEF7B5FB064605E000BFFEF7B0FB4B
:1058A000801B022858D828688004F7D50EE020F421
:1058B00080502860FEF7A4FB064604E0FEF7A0FB3C
:1058C000801B022848D828688004F7D42078400735
:1058D00051D5DFF86891D9F8001000E015E141F4E6
:1058E0008071C9F80010FEF78BFB064605E000BF8B
:1058F000FEF786FB801B64282ED8D9F80000C0056F
:10590000F6D54D4EA068603601280AD008B10528AA
:1059100013D0306820F001003060306820F00400BF
:1059200002E0306840F001003060A06841F2883A3F
:1059300098B1FEF765FB81460AE0306840F004004C
:105940003060EEE7FEF75CFBA0EB0901514503D8A0
:1059500030688007F6D50EE072E0FEF751FB814615
:1059600006E000BFFEF74CFBA0EB0901514567D8EC
:1059700030688007F6D4606A00287CD0DFF8B8A0D1
:10598000D8F800100AF1200A4FF6F87B0AF1040853
:10599000C1F3C2010329AAF104096DD002282868C5
:1059A00020F08070286003D0FEF72AFB044681E0D7
:1059B000FEF726FB064604E0FEF722FB801B0228CA
:1059C00075D828688001F7D4E26A40F2F33138686C
:1059D00054F8283F884340EA021018433860217B7E
:1059E0004FF4FE0C22894FF0FE47208A4902267DA3
:1059F000521E401EA1F5007189B2C2F30802114384
:105A0000761E0CEA00400143484607EA066211434D
:105A1000CAF80010D9F8001021F00101C9F80010EF
:105A2000D8F80030266A23EA0B0343EAC601C8F817
:105A30000010D9F8001004E0104402580048025841
:105A400035E0A26921F00C011143C9F8001001688A
:105A5000E26921F0020111430160016841F48031E3
:105A60000160016841F400310160016841F4802166
:105A70000160016801E06CE020E041F0010101609B
:105A8000286840F080702860FEF7BAFA044604E007
:105A9000FEF7B6FA001B022809D828688001F7D55E
:105AA00057E000BFFEF7ACFA001B022802D9032022
:105AB000BDE8F09F28688001F4D44AE039680128E5
:105AC000DAF8000021D0A26A01F0030393421CD14E
:105AD000E26AC1F305118A4217D1216BC0F30802B3
:105AE000491E8A4211D1616BC0F34622491E914280
:105AF0000BD1A16BC0F30642491E914205D1E16B67
:105B0000C0F30660491E814201D00120D0E7A16C9C
:105B10004646D8F80000C0F3CC00814219D0D9F82D
:105B200000004D4620F00100C9F80000FEF768FAB9
:105B30004FEA0007FEF764FAB842FBD0A26C306867
:105B400020EA0B0040EAC2003060286840F0010003
:105B500028600020ACE7401EB0F1807F10B501D373
:105B6000012010BD4FF0E02460610F21601702F0AA
:105B7000B1FA0020A0610721216110BD7047704774
:105B800070470000F0B590F83C20012A43D0012274
:105B900080F83C20D1E90242204ECD6922F44072C7
:105BA0002243D1E9004322F480621A4322F40062C6
:105BB0002243D1E9043422F480521A430B6B22F4BD
:105BC000005222430C8B22F480421A43036822F4D1
:105BD000702242EA0442002422F08052B34242EA98
:105BE000050202D00E4DAB4210D10F8D22F4700C85
:105BF000D1E90862CD6A4CEA075121F08071314346
:105C000021F00071114321F000522A435A6480F8B8
:105C10003C400020F0BD0220F0BD0000000001402B
:105C200000040140F0B590F83C20012A41D0224EFA
:105C3000012480F83C40022280F83D2002681F4D7C
:105C40005368B242D2F808C001D0AA4203D14F68CB
:105C500023F470033B430F6823F070031F43576026
:105C60000268B24219D0B2F1804F16D0144B9A425A
:105C700013D0144B9A4210D0134B9A420DD0AA4223
:105C80000BD0124B9A4208D0114B9A4205D0114BBF
:105C90009A4202D0104B9A4204D189682CF08003BA
:105CA00019439160002180F83D4080F83C1008467F
:105CB000F0BD0220F0BD00000000014000040140E2
:105CC0000004004000080040000C004000180040A4
:105CD0000040014000E0004000E4004010B5040036
:105CE00003D094F83D0010B107E0012010BD002062
:105CF00084F83C00204600F023F8022084F83D00A0
:105D00002068211D01F0FCFB012084F8480084F884
:105D10003E0084F83F0084F8400084F8410084F895
:105D2000420084F8430084F8440084F8450084F875
:105D3000460084F8470084F83D00002010BD0000B4
:105D400008B5154A0168154891420ED1016841F025
:105D50000101016000680022114600F0010000907E
:105D60001920FEF713FA192010E00D4A914211D1C3
:105D7000016841F00201016000680022114600F054
:105D8000020000902C20FEF701FA2C20BDE808400C
:105D9000FEF7EEB908BD000000000140F0440258D3
:105DA0000004014090F83D10012901D00120704706
:105DB0001A4A022180F83D100168CB6843F00103C4
:105DC000CB60006890421AD0B0F1804F17D01449D0
:105DD000884214D01349884211D0134988420ED00A
:105DE000124988420BD01249884208D01149884292
:105DF00005D01149884202D01049884207D18168F4
:105E00000F4A1140062906D0B1F5803F03D0016842
:105E100041F00101016000207047000000000140D6
:105E20000004004000080040000C00400004014055
:105E3000001800400040014000E0004000E4004045
:105E40000700010070B5044690F83C0000250128C9
:105E500014D03A4B012684F83C60022084F83D00BF
:105E600022689068184020F47F409060086870288D
:105E70002FD010DC10F00F0F03D022E04FF0020003
:105E800070BD4FEA2012072A1BD2DFE802F05353FD
:105E900053534B394100B0F1101F4BD009DCB0F522
:105EA000805F0FD0B0F5005F1ED0B0F5801F08D125
:105EB00040E0A0F5801120393CD010293AD02029AB
:105EC00038D0012584F83D60002084F83C00284645
:105ED00070BD4A682068D1E9021301F08EFB20688A
:105EE000816841F0770109E04A682068D1E902132E
:105EF00001F083FB2068816841F480418160E1E723
:105F0000CA684968206801F02DFD2068502106E02C
:105F1000CA684968206801F053FD2068602101F0DB
:105F200075FBCFE7CA684968206801F01BFD20684F
:105F30004021F4E7226801461046F0E788FFCEFFD3
:105F400070472DE9F041044600680027C6680569DE
:105F5000A90713D5B10711D5FA1E026101212177D6
:105F6000206880698007204602D0FFF7E9FF04E03F
:105F700000F0D2F8204600F094F92777680716D58C
:105F8000700714D5226802206FF004011161207798
:105F90002068806910F4407F204602D0FFF7D0FFD0
:105FA00004E000F0B9F8204600F07BF927772807D5
:105FB00015D5300713D5226804206FF00801116150
:105FC00020772068C0698007204602D0FFF7B8FF1D
:105FD00004E000F0A1F8204600F063F92777E80616
:105FE00016D5F00614D5226808206FF01001116153
:105FF00020772068C06910F4407F204602D0FFF768
:106000009FFF04E000F088F8204600F04AF9277767
:10601000E80708D0F00706D021686FF0010008619A
:10602000204600F0D1F9280601D4A80408D530068E
:1060300006D521686FF4025008612046FFF79FFDE6
:10604000E80508D5300606D521686FF48070086130
:106050002046FFF793FD680608D5700606D521682F
:106060006FF040000861204600F0D2F9A8060AD57A
:10607000B00608D521686FF0200008612046BDE811
:10608000F041FFF77DBDBDE8F081000010B586B09E
:10609000044614216846FAF7E0FA1A4A00212368F8
:1060A000194893424FF0020212D1036843F01003E3
:1060B0000360006802AC012300F0100005904FF46B
:1060C0002850CDE9000284E80E001048694614E02B
:1060D0000F4CA34213D1036843F00403036000682C
:1060E000032300F0040005904FF4E0700090CDE928
:1060F0000121CDE9031307486946FDF769FE06B0A3
:1061000010BD000000000140E04402580010025899
:106110000004014000080258704770B5044690F82A
:106120003C0000260D4601280BD0012084F83C00DD
:106130000C2A4AD007DC82B1042A20D0082A06D1D2
:1061400031E0022070BD102A53D0142A63D00126FA
:10615000002084F83C00304670BD206801F060FAF1
:106160002068816941F0080181612068816921F01E
:106170000401816120682A698169114311E0206866
:1061800001F0A4FA2068816941F40061816120680E
:10619000816921F48061816120682969826942EA0C
:1061A00001218161D4E7206801F0DEFA2068C1692D
:1061B00041F00801C1612068C16921F00401C16199
:1061C00020682A69C169114311E0206801F01AFBB7
:1061D0002068C16941F40061C1612068C16921F48E
:1061E0008061C16120682969C26942EA0121C161F7
:1061F000AEE7206801F042FB2068416D41F00801E4
:1062000041652068416D21F00401416520682A69DB
:10621000416D114311E0206801F06AFB2068416D77
:1062200041F4006141652068416D21F48061416560
:1062300020682969426D42EA0121416588E710B56D
:10624000040003D094F83D0010B107E0012010BD18
:10625000002084F83C00204600F022F8022084F858
:106260003D002068211D01F04BF9012084F8480011
:1062700084F83E0084F83F0084F8400084F8410030
:1062800084F8420084F8430084F8440084F8450010
:1062900084F8460084F8470084F83D00002010BDD3
:1062A0007047704730B504464FF0020269B10429C7
:1062B00012D0082917D00C291CD0102921D094F80D
:1062C0004300012824D0012030BD94F83E0001286D
:1062D000F9D184F83E201DE094F83F000128F2D166
:1062E00084F83F2016E094F840000128EBD184F8B0
:1062F00040200FE094F841000128E4D184F84120C7
:1063000008E094F842000128DDD184F8422001E041
:1063100084F843200122206801F062F91E492068B8
:106320001E4A1F4B884209D0904207D0984205D0A0
:106330001C4DA84202D01C4DA84203D1456C45F427
:10634000004545642068884218D0B0F1804F15D0D0
:106350001649884212D0164988420FD01549884202
:106360000CD090420AD01449884207D0984205D0F8
:106370001249884202D01249884207D18168114AE5
:106380001140062906D0B1F5803F03D0016841F0E5
:1063900001010160002030BD000001400004014007
:1063A000004001400044014000480140000400401A
:1063B00000080040000C00400018004000E00040D1
:1063C00000E400400700010070B50E490446006873
:1063D000884207D10C4DC00128600220FCF762F80A
:1063E000802028600949206888420AD10120FCF7F2
:1063F00059F805480122BDE8704080211838FDF7A2
:10640000F9BD70BD00000140181802580004014099
:10641000704730B590F88410012918D0012280F817
:1064200084202421C0F888100022202401680B68F1
:106430000D6823F0005325F001050D6042660168E8
:106440000B60C0F8884080F88420104630BD0220E0
:1064500030BD70B5044690F8840001281DD001229B
:1064600084F884202420C4F8880020680568026825
:1064700022F0010202602068826822F060620A4312
:106480008260204601F0BCFA2268202100201560BD
:10649000C4F8881084F8840070BD022070BD70B507
:1064A000044690F8840001281DD0012284F884203D
:1064B0002420C4F8880020680568026822F00102E0
:1064C00002602068826822F060420A4382602046AF
:1064D00001F096FA2268202100201560C4F8881087
:1064E00084F8840070BD022070BD10B5040003D094
:1064F000D4F8880010B107E0012010BD002084F816
:106500008400204600F026F82420C4F88800206883
:10651000016821F001010160A06A10B1204601F07C
:1065200091FA204601F072FB0128E6D0206841680C
:1065300021F4904141602068816821F02A01816046
:106540002068016841F0010101602046BDE810406B
:1065500001F0DCBAF0B5B5B0044614212EA8FAF764
:106560007CF8B8216846FAF778F8324E02273249AB
:106570002068103E2F4D0024884225D100201E9413
:106580000121CDE900106846FEF7A4F908B1FBF738
:1065900060FB286840F020002860286800F0200098
:1065A0003390306840F0400030603068072100F0E0
:1065B000400033904FF484402E90CDE92F74CDE904
:1065C00031411E482EA931E01D49884230D10020BA
:1065D0001E940121CDE900106846FEF77BF908B151
:1065E000FBF737FB286840F080002860286800F03F
:1065F00080003390306840F01000306030682EA981
:10660000104D00F01000339004202E90CDE92F742F
:10661000CDE931402846FDF7DBFB0B2108202E9009
:10662000CDE92F74CDE931412EA92846FDF7D0FBE5
:1066300035B0F0BDF0440258001401400018025873
:10664000001C0140001002582DE9F84F0446D0F814
:106650008800984615460E46202802D00220BDE844
:10666000F88F96B38DB300214FF02109C4F8901034
:10667000C4F888901834FDF7C3FC824654F8100C17
:10668000A587E587183CB0F5805F01D1206910B17E
:106690003546002600E000255FF02007B4F85600DC
:1066A00053464FF00002CDF80080E0B18021204633
:1066B00001F09AFCE0B955B115F8010B2168886228
:1066C000D4F8881039EA010007D00120C7E736F86E
:1066D000020B2168C0F30800F1E7B4F85600401E31
:1066E000A4F85600DAE74021204601F07DFC18B1FD
:1066F000C4F888700320B2E7C4F888700020AEE7C1
:10670000FEE700EB8100006E00F0F8407047806803
:10671000C0F3C00070478068C0F380007047806895
:10672000C0F380007047C06810F4406F01D00020B3
:10673000704701207047000000EB8101034B51F8C6
:10674000600F20F00040104308607047006002585E
:10675000F0B58DB000246846242109940A940B9466
:10676000F9F77BFF26480426244A01210225032746
:10677000C0E9002484604FF49C62C0E904160476EA
:106780008B024476C56180F8204082622022C46377
:106790000464C0E90B3780F84410C0E91441C0E933
:1067A0001252FCF749FD08B1FBF753FA144809A946
:1067B0000994FCF789F908B1FBF74BFA1148062157
:1067C000CDE9046440F2FF7203928DE823000C4887
:1067D00069468DF82140FCF70BFA08B1FBF739FA4E
:1067E0000C210948CDE9000105486946FCF700FA8B
:1067F000002801D0FBF72DFA0DB0F0BD00200240BB
:1068000064000024040060082000F014F0B589B092
:1068100024216846F9F721FF23480024214A042651
:1068200001210225C0E9002484604FF4A462C0E97C
:1068300004160476032744768B02C56180F8204055
:1068400082622022C4630464C0E90B3780F84410DC
:10685000C0E91441C0E91252FCF7EEFC08B1FBF7A5
:10686000F8F912480621CDE9046440F2FF72039260
:106870008DE823000C4869468DF82140FCF7B8F9F3
:1068800008B1FBF7E6F90C210948CDE900010648FB
:106890006946FCF7ADF9002801D0FBF7DAF909B039
:1068A000F0BD000000210240D40000240800900C3C
:1068B0000000B84F054808B5016841F001010160CA
:1068C000006800F00100009008BD0000D8440258A4
:1068D0002DE9F04387B014216846F9F7BEFE3E4823
:1068E000016841F010010160016801F0100105919B
:1068F000016841F080010160016801F080010591AB
:10690000016841F001010160016801F00101059198
:10691000016841F004010160016801F00401059182
:10692000016841F002010160016801F00201059176
:10693000016841F020010160016801F0200105912A
:10694000016841F04001016000680022234E1021DF
:1069500000F0400005903046FDF74CFB204F01222F
:1069600020213846FDF746FBDFF8788001221146EA
:106970004046FDF73FFBDFF870900022802148463B
:10698000FDF738FB00246946012510200090CDE971
:10699000015430460394FDF71BFA02266946202075
:1069A000CDE90005CDE902463846FDF711FA039618
:1069B000694600954046CDE90154FDF709FA80206B
:1069C0000090CDE90154694648460394FDF700FA6A
:1069D00007B0BDE8F0830000E04402580010025800
:1069E00000080258000402580018025870B59CB004
:1069F00000241C21009407A8019402940394049499
:106A000005940694F9F729FE34210EA8F9F725FE1E
:106A10003F4820253D49802641F27B52012380E8F2
:106A20003200C0E90324C0E90536FFF757F908B181
:106A3000FBF70FF94FF48050009035486946FFF797
:106A400001FA08B1FBF705F93148FFF7F8FB08B187
:106A5000FBF7FFF82E4804A9CDE904540694FFF78C
:106A6000E1F808B1FBF7F5F840F6BD200A94CDE94E
:106A70000804702507952648002207A90B940C945A
:106A80000D94FFF74AFB08B1FBF7E3F82048042216
:106A900007A9FFF742FB08B1FBF7DBF81C48082207
:106AA00007A9FFF73AFB08B1FBF7D3F841F27151A0
:106AB00060200C22CDE90701154807A9FFF72DFB3F
:106AC00008B1FBF7C6F84FF480700E944101CDE990
:106AD0000F4042041194CDE912410D480EA9CDE9B1
:106AE0001642149418941A94FFF74CF808B1FBF767
:106AF000B0F8074804A90495FFF794F808B1FBF72C
:106B0000A8F80348FFF7C2FA1CB070BD00000140AE
:106B10003402002470B59CB000241C21009407A806
:106B2000019402940394049405940694F9F795FD56
:106B300034210EA8F9F791FD3B48202539498026DC
:106B400041F69772012380E83200C0E90324C0E9CE
:106B50000536FFF7C3F808B1FBF77BF84FF4805018
:106B6000009031486946FFF76DF908B1FBF771F8FD
:106B70002D48FFF764FB08B1FBF76BF82A4804A91E
:106B8000CDE904540694FFF74DF808B1FBF761F81E
:106B900040F6CB700A94CDE9080470250795224889
:106BA000002207A90B940C940D94FFF7B6FA08B1D4
:106BB000FBF74FF81C48042207A9FFF7AEFA08B10B
:106BC000FBF747F81848082207A9FFF7A6FA08B10B
:106BD000FBF73FF841F68F7160200C22CDE90701E9
:106BE000114807A9FFF799FA08B1FBF732F84FF4FB
:106BF00000500E94119401030F94CDE912401094AB
:106C0000CDE9164108480EA9149418941A94FEF779
:106C1000B9FF08B1FBF71DF803480495FFF736FAF2
:106C20001CB070BD000401408002002418480021FF
:106C300010B5164C0C224FF461230460C0E90131F9
:106C4000C160C0E904128161C16101624162816277
:106C5000FFF74BFC08B1FAF7FCFF0D480021FFF7E6
:106C60001EFC08B1FAF7F5FF09480021FFF7F1FB18
:106C700008B1FAF7EEFF0648FFF7CBFB002803D078
:106C8000BDE81040FAF7E5BF10BD0000001C014050
:106C9000600300241848002110B5164C0C224FF454
:106CA000E1330460C0E90131C160C0E904128161CF
:106CB000C161016241628162FFF717FC08B1FAF716
:106CC000C8FF0D480021FFF7EAFB08B1FAF7C1FF42
:106CD00009480021FFF7BDFB08B1FAF7BAFF0648E3
:106CE000FFF797FB002803D0BDE81040FAF7B1BFCB
:106CF00010BD000000140140CC020024FEE7FEE7B6
:106D0000704770B5AEB0B8216846F9F7A6FC02200E
:106D100081250023CDE903500590402606902024CC
:106D2000CDE907634FF400220993289368468DE864
:106D30001C00FDF7CFFD002801D072B6FEE72EB093
:106D400070BD000000B5B7EEE12AC7B00CA106A8DF
:106D5000B7EEC11A8DED042B8DED021BB7EEE01AD4
:106D6000B7EEC00A8DED001B53EC102BF9F7A6FB14
:106D700082B209480A2306A9FFF766FC47B000BDA6
:106D8000252E33662C252E33662C252E33662C2596
:106D90002E33660A00000000600300242DE9F0474E
:106DA000454D044689464FF0000A2868C0438007D5
:106DB0000AD0414E283E306820F080603060FDF7F8
:106DC0001FF90746B04608E00120BDE8F08700BF84
:106DD000FDF716F9C01B022867D8D8F8000000019B
:106DE000F6D4206829684FF4FE0721F47C313E0276
:106DF00041EA00302860207AA389B4F804C0400238
:106E00002D4D2D495B1E227CACF1010C1035091D66
:106E1000A0F5007080B2521ECCF3080C07EA0343C1
:106E200040EA0C00184306EA026210432860086832
:106E3000626920F0C000104308600A68A06922F06F
:106E4000200202430A60281D0A6822F010020A602C
:106E500002684FF6F873E4699A4342EAC40202609A
:106E60000868B9F1000F40F010020A6011D00868FC
:106E7000B9F1010F11D040F400100860D8F80000FB
:106E8000444640F08060C8F80000FDF7B9F80546B8
:106E90000DE0086840F40020EFE740F48010ECE7D4
:106EA000FDF7AEF8401B022801D903208DE72068CA
:106EB0000001F5D5504688E7284402582DE9F047EF
:106EC000454D044689464FF0000A2868C0438007B4
:106ED0000AD0414E283E306820F080503060FDF7E7
:106EE0008FF80746B04608E00120BDE8F08700BFF4
:106EF000FDF786F8C01B022867D8D8F8000080008C
:106F0000F6D4208829684FF4FE0721F07C713E02F8
:106F100041EA00502860207AA389B4F804C04002F6
:106F20002D4D2D495B1E227CACF1010C1835091D3D
:106F3000A0F5007080B2521ECCF3080C07EA0343A0
:106F400040EA0C00184306EA026210432860086811
:106F5000626920F44060104308600A68A06922F466
:106F6000007202430A60281D0A6822F480720A60D7
:106F700002684FF6F873E4699A4342EAC402026079
:106F80000868B9F1000F40F480720A6011D00868F7
:106F9000B9F1010F11D040F080700860D8F80000FE
:106FA000444640F08050C8F80000FDF729F8054637
:106FB0000DE0086840F48000EFE740F40000ECE7E3
:106FC000FDF71EF8401B022801D903208DE7206839
:106FD0008000F5D5504688E7284402582DE9F04155
:106FE0000F4604462DED088BB0EE408A9FED9F1AA8
:106FF000DFED9F0A90ED250A28EE013AC8EE209AAF
:10700000D0ED1B2AD0ED261A90ED1C2AB7EE00BA5F
:10701000022630EE620A71EEC28A83EE201AF1EE89
:10702000000A3BEE41AAFBF71DF8F2EE00AAF1EED2
:10703000000A20EE2A9AB0EE680AFBF713F860EE19
:107040002A8AB0EE680A01F0D4FCF0EE40AAB0EE55
:10705000490A01F0CEFCF0EE6A0A01F0ADF9F4EE57
:10706000000A844D20EE200A85ED010A94ED250AE0
:10707000D4ED210A20EE0A0A70EEC90A09EEA00A30
:1070800084ED250A94ED260AD4ED220A20EE0A0AA0
:1070900070EEE80A09EEA00A84ED260A94ED4C0A87
:1070A00001F0A7FCDFED749A9FED74AA20EE290A87
:1070B000C0EE0AAAB0EE6A0AFAF79AFFF0EE400AAA
:1070C00094ED230A39EE401A01EE200A84ED230ADA
:1070D000B0EE6A0AFAF78CFFF0EE400A94ED240A4B
:1070E00038EEC01A01EE200A84ED240A94ED4C0A11
:1070F00001F03CFCD4ED4A0A30EEC09AB0EE490AE9
:1071000001F0B2F8B0EE401AB0EE490AF0EE418A52
:1071100001F070FAD4ED231AD4ED4C2AF0EE400AB7
:1071200021EEE81A94ED240AF5EEC02ABFEE002AFB
:10713000F1EE10FA00EE601A6BFE020A61EE200A10
:10714000C5ED000A61EEA10A40EE000AB0EE600A49
:1071500001F01AFBF6EE000A84ED290AB4EEE00A0B
:10716000F1EE10FA06DDD5ED000A80EE801A85ED0D
:10717000001A11E010EE100A4149884208DD80EE45
:10718000201A95ED000AC0EE201A21EE810A01E0D6
:107190009FED3C0A85ED000A204600F085F80128A5
:1071A0005FD1D5ED001ADFED380A94ED440A374976
:1071B00061EEA00A9FED361A00EE880A10EE100A62
:1071C00084ED440A884201DD84ED441A314AD4F842
:1071D00010019FED312A904201D984ED442AD4ED6B
:1071E000440A9FED2E3A94ED4C0ADFED2D2A41EE34
:1071F000830A70EEC00A00EEA20A10EE100A84EDB7
:107200004C0A884201DD84ED4C1AD4F830019042DA
:1072100001D984ED4C2A94ED4A0AD4ED4C0A00EED3
:10722000880A9FED208AF0EE480A84ED4A0A01F0B0
:1072300089F9B5EEC00A84ED4A0AF1EE10FA03D2DC
:1072400030EE080A84ED4A0A032F01D184ED480A82
:1072500094ED4C0A304620EE290AC0EE0A0AC4ED2D
:10726000490ABDEC088BBDE8F08100009098633EB0
:10727000324FBC383000002400007042E0ED2F4255
:10728000CDCCCC3D0000000000409C4500401C4699
:1072900000401C4600401CC600401CC600002A439B
:1072A000CDCCCC3DDB0FC94070B5D0F85851044669
:1072B00090ED530A01F09DFBB5F5FA7F06D310EE71
:1072C000100A2549884201DD012500E000259FEDD7
:1072D000232AF1EE0C1ADFED220A20EE020A9FEDBE
:1072E000211A20EE210AC0EE201AF5EE000A21EE46
:1072F000810A60EE200AB6EE000A01F05DF8D4EDD6
:10730000290AB4EEE00AF1EE10FA01DD012000E0F6
:1073100000201549154A4968914201DD012100E02C
:107320000021002D4FF0000511D008430FD0B4F814
:107330001801401C80B2A4F81801322809D9002194
:107340002046FAF731FE0B20A4F8185170BDA4F8BE
:107350001851012070BD000000004844DB0FC940F7
:10736000000070426F12033B300000246666663FE7
:107370007047FCF74BBE0000F0B59DB04C2168464D
:10738000F9F76BF9202113A8F9F767F90220FCF748
:107390002FFF1E48016821F440410160016800246C
:1073A00001F440411B9101688904FCD5402502206D
:1073B000009001210C26CDE90315CDE90904222313
:1073C000CDE90D103702CDE90F0604226846CDE95C
:1073D0000B23CDE91147FEF72BF908B172B6FEE792
:1073E00008221A95CDE91625D30113AA3F200321BF
:1073F000CDE9185382E8130013A8FDF709FF002810
:1074000001D072B6FEE71DB0F0BD0000184802586A
:107410002D48F0B52D4A016841F4700101601068F3
:1074200000F00F00072804D2106820F00F00C01DE4
:10743000106027490020264C10340B68254D43F07E
:1074400001030B6020600B682B400B60136803F096
:107450000F03072B04D9136823F00F03DB1D136000
:107460001B4C1D4A18341D4B261D371D2060184C1F
:107470001B4D28343060261D3860371D23603B1DAE
:1074800035601C1D3A60251D2E1D1860331D2260BD
:107490002860326018600B680D4A0D4C23F480237D
:1074A000D4320B60603420601068C0040BD41368C1
:1074B00043F2D2000B4943F4805313600860106814
:1074C00020F480501060F0BD88ED00E000200052F4
:1074D000004402587FEDF6EA800201010002020238
:1074E0000000FF01004000520148FEF72ABD0000E5
:1074F000340200240148FEF724BD0000800200246D
:107500002DE9F0472C4B4FF0804A2C4D02689842F1
:107510002B4E2C4F2C4C09D0504507D0A84205D0FB
:10752000B04203D0B84201D0A04205D1D1F804C086
:1075300022F070024CEA0202DFF890C0DFF890807F
:107540009842DFF8909015D0504513D0A84211D042
:10755000B0420FD0B8420DD0A0420BD0604509D048
:10756000404507D0484505D01B4DA84202D01B4DD1
:10757000A84203D1CD6822F440722A438E684D6937
:1075800022F08002C6620E682A439842866207D0C3
:10759000A04205D0604503D0404501D0484501D107
:1075A000096901630368012143F004030360416139
:1075B0000260BDE8F08700000000014000040040C8
:1075C00000080040000C0040000401400040014061
:1075D000004401400048014000E0004000E4004059
:1075E00010B5046A012301F01F018B409C43046223
:1075F0008A40016A1143016210BD42EA0322836896
:107600000A4323F47F410A4382607047034B826838
:107610001A400A4342F00701816070478FFFCFFF95
:107620002DE9F04FDFF88C80234EDFF89090DFF8E3
:1076300090B0026A036AB042DFF888A022F0020C20
:10764000214F23F001020262436885698A680C6851
:1076500005EA080525F0030542EA0C0244EA0504A0
:1076600007D0484505D0584503D0504501D0B84211
:1076700008D1D0F820C022F008052CF004020262E4
:10768000CA682A43B04207D0484505D0584503D0C0
:10769000504501D0B84205D123F44076D1E90553D5
:1076A00035432B4343608461496841630262BDE80E
:1076B000F08F00008FFFFEFF00000140000401403A
:1076C000004001400044014000480140F0B5DFF8AF
:1076D00080E0204C204D026A036AA04222F020067E
:1076E00023F01003036242688369D1F808C00F6871
:1076F00003EA0E0323F4407E46EA0C134EEA072603
:1077000001D0A84208D1076A23F0800327F0400780
:107710000762CF6843EA0713A0420AD0A84208D004
:107720000E4CA04205D00E4CA04202D00D4CA042FF
:1077300007D1D1E9054522F4406242EA840242EAD7
:10774000850242608661496881630362F0BD000082
:10775000FF8FFFFE00000140000401400040014097
:107760000044014000480140F0B5DFF880E0204DC2
:10777000204E026A036AA84222F4007723F4807341
:1077800003624368C269D1F808C002EA0E020C68BD
:1077900022F0030E47EA0C2244EA0E0401D0B04264
:1077A00008D1076A22F4006227F480670762CF6875
:1077B00042EA0722A8420AD0B04208D00E4DA842A1
:1077C00005D00E4DA84202D00D4DA84207D1D1E9F7
:1077D000055623F4405343EA051343EA0613436076
:1077E000C4614968C1630262F0BD00008FFFFEFF03
:1077F00000000140000401400040014000440140FD
:1078000000480140F0B5046A026A22F48052026224
:107810004268C36924F40054DFF848C08E680D68DC
:1078200003EA0C03104F23F4407344EA0634B842D1
:1078300043EA05230BD00D4DA84208D00C4DA842B9
:1078400005D00C4DA84202D00B4DA84204D14D6981
:1078500022F4804242EA85124260C36149680164B1
:107860000462F0BDFF8FFFFE0000014000040140F4
:10787000004001400044014000480140F0B5164F6F
:10788000164B026A046A984222F4003524F48033CD
:1078900003624268436D0E890C6803EA070344EAF9
:1078A000030445EA06430BD00D4DA84208D00D4D08
:1078B000A84205D00C4DA84202D00C4DA84204D1DC
:1078C0004D6922F4803242EA0522426044654968EB
:1078D00081650362F0BD00008FFFFEFF00000140E4
:1078E00000040140004001400044014000480140C4
:1078F000F0B5164F164B026A046A984224F48013BE
:10790000036222F400144268436D0E890D6803EA95
:10791000070344EA065443EA05230BD00D4DA84261
:1079200008D00D4DA84205D00C4DA84202D00C4DF8
:10793000A84204D14D6922F4802242EA85224260A5
:1079400043654968C1650462F0BD0000FF8FFFFE1A
:10795000000001400004014000400140004401409B
:107960000048014030B5114C036A056AA04225F079
:10797000010404620BD00E4CA04208D00D4CA04272
:1079800005D00D4CA04202D00C4CA04203D1046A99
:1079900024F004040462846923F00A030B4324F0F6
:1079A000F00444EA02118161036230BD000001402D
:1079B00000040140004001400044014000480140F3
:1079C00030B50D4C036A056AA04225F0100404622C
:1079D00002D00A4CA04203D1046A24F0400404629D
:1079E000846923F0A00343EA011124F4704444EABB
:1079F00002328261016230BD00000140000401409A
:107A000030B5416EB9B101680D4B03F108048A68C5
:107A10008968C2F34262490F5D5C615C2D01B5FB70
:107A2000F1F1A0F86A10995CA25C0901B1FBF2F1D6
:107A3000A0F8681030BD0121A0F86A10F8E7000036
:107A40003491000890F82810090706D50168836B67
:107A50004A6822F400421A434A6090F82810C90785
:107A600006D00168C36A4A6822F400321A434A60A9
:107A700090F82810890706D50168036B4A6822F43C
:107A800080321A434A6090F82810490706D50168E9
:107A9000436B4A6822F480221A434A6090F8281007
:107AA000C90606D50168C36B8A6822F480521A435E
:107AB0008A6090F82810890606D50168036C8A68E8
:107AC00022F400521A438A6090F82810490611D512
:107AD0000168436C4A6822F480121A434A60416C80
:107AE000B1F5801F06D10168836C4A6822F4C00298
:107AF0001A434A6090F82810090606D50168C26C3E
:107B0000486820F400201043486070472DE9F8438E
:107B100000250446C0F89050FCF772FA80462068B1
:107B200020266FF07E470068000713D500224346E9
:107B300031042046009700F057FA58B1216851E807
:107B4000000F20F0800041E80002002AF6D1C4F8BE
:107B5000886021E020680068400722D50022434663
:107B60004FF480012046009700F03EFAC8B120682B
:107B700050E8001F21F4907140E80012002AF6D16D
:107B80002068083050E8001F21F0010140E8001291
:107B9000002AF5D1C4F88C60032084F88450BDE835
:107BA000F883C4F88860C4F88C60E5662567002017
:107BB00084F88450F3E7000010B5026852E8001F13
:107BC00021F4907142E80013002BF6D10E4B0268AD
:107BD000083252E8001F194042E80014002CF6D188
:107BE000C16E012908D1026852E8001F21F010017E
:107BF00042E80013002BF6D100212022C0F88C208F
:107C0000C166416710BD0000FEFFFFEF2DE9F043A4
:107C100004468068E24E87B0E24B2168D4E904272D
:107C2000D4F81CC010430A68002547EA0C07384303
:107C3000324002430A602068E268416821F4405102
:107C4000114341602268A1699A4201D0206A014330
:107C50009668DFF854C3D54FD54806EA0C060E43A4
:107C600096602168666ACA6A22F00F023243CA62CD
:107C70002268BA420ED1006800F0380018286FD090
:107C80007ADCB8B308286CD010286BD18BE0282898
:107C900068D18EE0C7498A4209D1006800F0070028
:107CA00006285FD2DFE800F0507D7F818385C249DE
:107CB0008A4209D1006800F0070006287BD2DFE87D
:107CC00000F0437072747678BC498A4209D100682A
:107CD00000F0070006286ED2DFE800F03663656723
:107CE000696BB7498A420BD1006800F0070006288B
:107CF00061D200E043E0DFE800F0275456585A5CB8
:107D0000B0498A4206D1006800F0380018284CD0EB
:107D1000B7DD31E0AC498A4209D1006800F00700C4
:107D2000062848D2DFE800F0103D3F414345A7490F
:107D30008A420BD1006800F0070006283BD2DFE83A
:107D400000F0033032343638002035E0A0498A4252
:107D500009D1006800F03800182826D091DD0BE02A
:107D600023E01EE027E09B498A420AD1006800F028
:107D70003800182819D084DD202888D11CE0012083
:107D80001AE09A4217D18A48001D006800F00700E7
:107D9000062810D2DFE800F0030507090B0D0220CA
:107DA0000AE0042008E0082006E0102004E020207B
:107DB00002E0402000E080208749DFF820829A42DC
:107DC000874A4FF400434FEA21174FF000064ED187
:107DD00010281AD006DC022809D004280BD0082865
:107DE0007ED10DE020283ED0402879D13DE0FCF73F
:107DF00029FA014610E06846FCF7DAFA01990BE02F
:107E000003A8FCF777FB049906E01068800605D507
:107E10001068C0F3C100C140002970D0606A676873
:107E200038F8102007EB4703B1FBF2F0834257D834
:107E3000B0EB073F54D8002308461946F8F7C6FAB6
:107E400002467808130E120243EA012110183A463E
:107E500071410023F8F7BAFA624AA0F540719142E5
:107E60003ED821688FE03946D8E71946D6E7D4F8DE
:107E70001CC04FF6EF799C4546D1082819D005DC87
:107E800058B101280CD0042875D10DE0102815D068
:107E9000202835D040286ED134E0FDF709FB01E001
:107EA000FDF718FB014610E06846FCF781FA0199DE
:107EB0000BE003A8FCF71EFB049906E0106880069F
:107EC00004D51068C0F3C100C140C1B1636A6068E5
:107ED00038F81330B1FBF3F1490001EB500100E039
:107EE00049E0B1FBF0F0A0F11001494543D84FF64D
:107EF000F0732168C0F342021840104343E043E0AE
:107F00003946E3E71946E1E7082819D005DC58B1FE
:107F100001280CD004282ED10DE0102815D02028DF
:107F20002BD0402827D12AE0FDF7C2FA01E0FDF767
:107F3000D1FA014610E06846FCF73AFA01990BE0E5
:107F400003A8FCF7D7FA049906E01068800604D568
:107F50001068C0F3C100C140B1B1636A606838F80D
:107F60001330B1FBF3F101EB5001B1FBF0F0A0F1E4
:107F70001001494505D9012506E03946EDE71946C6
:107F8000EBE7216880B2C8600120A4F86A00A4F879
:107F9000680028466667A66707B0BDE8F083000062
:107FA000F369FFCF000C0058FFF4FF1100100140EF
:107FB000544402580044004000480040004C004037
:107FC000005000400014014000780040007C004058
:107FD00000180140001C01400090D0031C910008D3
:107FE00000440258FFFC0F002DE9F0479946174660
:107FF0000D460446089E4FF0000833E0701C31D057
:10800000FBF7FEFFA0EB0900B04218D8BEB1206814
:108010000168490726D5802D24D0402D22D0C16982
:10802000C94309070DD4082505622046FFF7C4FDA2
:10803000C4F89050012084F88480BDE8F0870320C4
:10804000FBE7C069C04300050CD421684FF4006011
:1080500008622046FFF7B0FD2021C4F8901084F894
:108060008480ECE72068C06935EA000004D0002075
:10807000B842C3D00020E0E70120F9E7FEE703B4EF
:1080800001984100009850EAC12018BF04204A0D11
:1080900018BF40F0010040F2FF72B2EB515F08BF21
:1080A00040F00200012808BF052002B070474100DF
:1080B000080218BF04200A0E18BF40F001004FF05C
:1080C0007F4232EA010108BF40F00200012808BFE8
:1080D00005207047090700284FEA116104DB00F111
:1080E000E02080F80014704700F00F0000F1E0205D
:1080F00080F8141D7047000010B54FF00E412DEDB3
:10810000028BB0EE408A18EE100A01EB4001B1F18B
:10811000145F5CD24FF0FE41B1EB400F24BF9FEDE6
:10812000400AF0EE400A12D210F0004F19BFDFED06
:108130003D0A9FED3D0ADFED3D0A9FED3D0ADFED73
:108140003D1A81EE881AB0EE418A18EE100A4FF0FF
:10815000FC41B1EB400F1BD210F0004FDFED361A9F
:108160009FED362A1DBF9FED361A70EEE10A30EE04
:10817000420A9FED341A04BF70EEA10A30EE020AE3
:1081800038EE412ADFED301A48EE011A82EE218ADC
:10819000DFED2E1A9FED2E2A28EE081A01EE212A75
:1081A000DFED2C1A41EE021A9FED2B2A01EE212A57
:1081B000DFED2A1A41EE021A28EE011A01EE210A19
:1081C00030EE080ABDEC028B30EE200A10BD4FF0F5
:1081D000E441B1EB400F0CD918EE100AFFF767FF2E
:1081E000042808BF00F008FBB0EE480ABDEC028B83
:1081F00010BD4FF07F41B1EB400F07D2B0EE480AFF
:10820000BDEC028BBDE8104000F0EABA10F0004F60
:1082100014BF9FED130A9FED130ABDEC028B10BD36
:10822000000000000000C9BF22AAFDB90000C93F3C
:1082300022AAFD39000080BF0060ED3EC30ACE37A0
:10824000000000BF0000003F0000803F2DAD65BD75
:108250008FB8D53D0FB511BE61C84C3EA8AAAABEC5
:10826000DB0FC9BFDB0FC93F10EE101A08B5434A38
:108270006846B2EB410F26D94FF0E640B0EB410F14
:1082800094BF00204FF0FF3000900098DFED3C0AD3
:10829000002860DB10F0010F46D060EE000ADFED31
:1082A000391A9FED391A10F0020F00EEE11ADFEDD6
:1082B000371A40EE811A21EEA01AF0EE400A40EE85
:1082C000010A2ED041E0324B21F0004293423FD9C7
:1082D00011F0004FDFED2F0A20EE201ADFED2E0AFD
:1082E00019BF31EE601A71EE200A31EE201A71EEDC
:1082F000600ABDEEE01A11EE100A9FED281A00F098
:10830000030000EEC10A9FED261A009000EEC10A9C
:108310009FED241A00EEC10A9FED231A00EEC10A58
:10832000B3E7F1EE600A10E020EE000A9FED1F1A9D
:10833000DFED1F1A10F0020F40EE011A9FED1D1A1B
:1083400000EE211A40EE010AEBD1B0EE600A08BD42
:1083500000F05AFA99E710EE100A4000B0F17F4F92
:10836000F3D307D14FF00100F8F7A6F9BDE80840B4
:1083700000F03ABABDE8084000F032BAB61F927E6B
:108380000000803F336D4C39DA82083CA0AA2ABE37
:10839000490E494683F9223F0000004B0000C93FC7
:1083A00000A0FD390020A2331A61342CB93AB2BAC8
:1083B000CA9F2A3DDDFFFFBE10B52DED028BB0EE4A
:1083C000608AF0EE408A18EE101A18EE900A00F05B
:1083D000B1FD00F07040B0F1005F0CD018EE100A53
:1083E00020F00040C0F1FF40C00F02BFB0EE480ACD
:1083F000BDEC028B10BDB0EE680ABDEC028B10BD67
:1084000010B52DED028BB0EE608AF0EE408A18EECA
:10841000101A18EE900A00F08DFD00F07040B0F1D7
:10842000004F0CD018EE100A20F00040C0F1FF40C1
:10843000C00F02BFB0EE480ABDEC028B10BDB0EE1B
:10844000680ABDEC028B10BD10B52DED040B86B093
:108450009DED060B10EE101A10EE900A8DED000B3C
:10846000002918BF0121084320F00040C0F17F60BF
:1084700000F1E040C00F21D19DED080B10EE101A65
:1084800010EE900A8DED000B002918BF0121084362
:1084900020F00040C0F17F6000F1E040C00F0DD13E
:1084A00027490798B1EB400F04BF069800283ED03B
:1084B0000998400004BF0898002838D09DED080BAB
:1084C00053EC102B9DED060B51EC100B00F07EFCD5
:1084D000CDE902019DED020B40F2FF7110EE900A12
:1084E0008DED000B31EA10501DD00798039900F074
:1084F000004001F00041884215D09DED080B8DED44
:10850000040B9DED020B8DED000B10EE900A05990A
:1085100061F31E0005909DED040B9DED021B31EEF5
:10852000400B8DED020B9DED020B0AB010BD01203A
:10853000F8F7C2F80AB0BDE8104000F045B90000F5
:108540000000E0FF10B52DED028BF0EE408A18EE32
:10855000900AB0EE608A20F00040C0F1FF40C00FEA
:1085600007D118EE100A20F00040C0F1FF40C00F04
:108570002BD018EE101A18EE900A00F04FFD00EE06
:10858000100A10EE100A6FEAD05010F0FF0F04BF6F
:10859000BDEC028B10BD18EE900A00F0004110EE09
:1085A000100A00F00040814204BFBDEC028B10BDF8
:1085B00018EE101A10EE100ABDEC028B61F31E00CB
:1085C00000EE900A30EE600A10BD18EE900A4FF0EF
:1085D0007F41B1EB400F1CBF18EE100A5FEA40006C
:1085E000C7D10120F8F768F8BDEC028BBDE8104058
:1085F00000F0FAB800B510EE101A2DED028B81B024
:10860000524A6846B2EB410F2ED94FF0E640B0EB2C
:10861000410F94BF00204FF0FF3000900098B0EE63
:10862000408A00286ADB10F0010F4BD068EE080A80
:108630009FED471A9FED470A00EE810A9FED461A0B
:1086400000EE801A9FED450A10F0020F00EE810A3D
:1086500002BF01B0BDEC028B00BD00BF01B0B1EEA6
:10866000400ABDEC028B00BD3D4B21F0004293421D
:1086700041D911F0004FDFED3B0A20EE201ADFED6B
:108680003A0A19BF31EE601A71EE200A31EE201A53
:1086900071EE600ABDEEE01A11EE100A9FED331A7A
:1086A00000F0030000EEC10A9FED311A009000EEC9
:1086B000C10A9FED301A00EEC10A9FED2F1A00EE9D
:1086C000C10AABE728EE080A9FED2C1ADFED2C0A51
:1086D00010F0020F40EE410A9FED2A1A00EE201A18
:1086E00061EE000AB0EE480A08EE200AB6D101B0E9
:1086F000BDEC028B00BD00F087F88FE718EE100A82
:108700004000B0F17F4F0DD218EE100AFFF7CFFCFA
:10871000042808BF00F070F8B0EE480A01B0BDECC4
:10872000028B00BD09D10120F7F7C6FF01B0BDECF7
:10873000028B5DF804EB00F057B801B0B0EE480AC8
:10874000BDEC028B5DF804EB00F04AB8B61F927ED8
:10875000B93AB2BACA9F2A3DDDFFFFBE0000803F92
:10876000490E494683F9223F0000004B0000C93FF3
:1087700000A0FD390020A2331A61342C336D4C392E
:10878000DA82083CA0AA2ABE10B52DED028BB1EE0C
:10879000C08A18EE100A20F00040C0F1FF40C00F60
:1087A0000AD010EE100A20F00040C0F1FF40C00FC8
:1087B00004BF0120F7F780FFB0EE480ABDEC028B42
:1087C00010BD0000000000009FED031B81EE010BB7
:1087D00070470000000000000000000000000000E2
:1087E00030EE000A70470000DFED020A80EEA00ABA
:1087F00070470000000000009FED020A20EE000A12
:1088000070470000000000102DE9F0014FF07F429A
:10881000B2EB410F9FBF4FF0FF310160BDE8F001A7
:1088200070474FF0004242EA0123C1F3C752783A41
:10883000551112F01F0C434CCCF120067C44C1F3BF
:10884000C752A2F178024FEA621204EB820254F896
:10885000254008BFD2E9015612D0556804FA0CF43D
:1088600025FA06F73C43976805FA0CF527FA06F84F
:10887000D26807FA0CFCF24045EA08054CEA020609
:10888000A4FB034CA5FB0352A6FB03631D449D42BE
:1088900034BF012600261319334416B1934202D97E
:1088A00003E0934201D2012200E00022624402F17F
:1088B000200C9206DC0C42EA443200EE102A5B03E4
:1088C000DFED210AF8EEC01A00EE103A4FEA9C1CC8
:1088D00011F0004FB8EE400AC0F800C020EE201A98
:1088E00000EE105ADFED190AB8EE400A20EE200A19
:1088F00071EE810A70EE800A10EE902A02F5006295
:108900006FF30B0200EE902A70EEE11A31EEC11AFD
:10891000DFED101A30EE411A9FED0D0A20EE800AAD
:1089200001EE210A9FED0C1A00EE810A04BFBDE89A
:10893000F0017047CCF180510160BDE8F001B1EE6B
:10894000400A704794090000000000360000802CA7
:1089500022AAFD29DB0FC92F0000C92F30380A28B1
:1089600001D20120704700207047000010B5DFEDF4
:108970001A1A9FED1A1AF1EE0C0A2DED028BB0EEC9
:10898000408AB0EEC80AC0EE218A28EE811A81EE34
:10899000200AF9F72DFBB7EE001ADFED110A31EED0
:1089A000401A21EE201AC0EE010A88EEA00AFFF755
:1089B000A3FB9FED0C1ADFED0C0AB5EEC08AF1EEB9
:1089C00010FA28EE811A01EE200A01D2B1EE400A17
:1089D000BDEC028B10BD0000DB0FC94000007042EF
:1089E00098C48339E4CB1641ACC52738B0EEC00A31
:1089F0007047B0EEC00A704770B5184D01284FF0AF
:108A0000000617D0022814D1154800F01F04241DB9
:108A1000BFF34F8F28602030203C002CFADCBFF3DE
:108A20004F8FBFF36F8F0E4844880C8016800088EC
:108A3000188070BD0A48203800F01F04241DBFF3C1
:108A40004F8F28602030203C002CFADCBFF34F8F82
:108A5000BFF36F8F02482038E6E700005CEF00E0CC
:108A600060000024012807D0022809D1054800220F
:108A7000202100BFFBF7BEBA002203480121F9E71D
:108A8000704700000008025800040258012807D06F
:108A9000022809D105480122202100BFFBF7AABA0C
:108AA000012203481146F9E7704700000008025808
:108AB00000040258012840F2FF7210B50FD00228BE
:108AC00019D10D480021F9F7B1FF0C4902220A48DB
:108AD000FAF7AAFD0A48BDE81040FDF763B9094856
:108AE0000021F9F7A3FF0549022206482039FAF7C9
:108AF0009BFD0548EFE710BDD40000246000002472
:108B00003402002464000024800200240A4A012860
:108B100040F244410ED002280BD108480068036A95
:108B2000134206D1026A0A4203D1416C21F400418A
:108B3000416470470248F1E711111100340200242A
:108B400080020024012808D0022805D104480068CA
:108B5000416C41F40041416470470248F7E700006E
:108B60003402002480020024BCEEC00AFCEEE00ABD
:108B7000BCEEC11A012810B50FD002280CD108484C
:108B800010EE101A10EE902A11EE103A046861638C
:108B900001688A630068C36310BD0248F0E7000003
:108BA000340200248002002410B5012841F27754D9
:108BB0001BD0022818D11948FDF7C2F81748FDF755
:108BC00065FA16480021FDF76DFB14480421FDF7F6
:108BD00069FB12480821FDF765FB10480C21FDF7E1
:108BE00061FB0E480068046410BD0D48FDF7A8F84D
:108BF0000B48FDF74BFA0A480021FDF753FB0848E4
:108C00000421FDF74FFB06480821FDF74BFB044804
:108C10000C21FDF747FB0248E4E700003402002482
:108C2000800200242DED028B84B000240094019476
:108C300002940394FBF76EFA01208DF80C001F21BB
:108C40008DF8081087228DF809208DF80D008DF819
:108C5000000068468DF80A408DF80E408DF80140FE
:108C600001948DF80B408DF80F40FBF725FA042096
:108C7000FBF75EFAFBF7D2F9FEF77EFBFEF741F851
:108C8000FDF726FEFDF716FEFDF7B0FEFDF7BEFD73
:108C9000FDF7CCFFFDF75CFDFDF73CFFFDF7FAFFAC
:108CA00013490120F9F7D8FB11490220F9F7D4FB49
:108CB0003220FBF77BF80F4801228021FBF79AF95D
:108CC0000D4801221021FBF795F90C4C9FED0C8A01
:108CD000D4EDE51A94EDE41AD4EDF90A94EDF40A12
:108CE000FEF730F80220B0EE480AF9F78FFEEFE702
:108CF000B49100080018025800100258F403002430
:108D000000803B4510B500290AD00878002807D01C
:108D100005487844F8F736F8002801D0002010BD47
:108D20000248784410BD0000960500008E05000042
:108D30000EF1020E2EF0030E5EF8046B364205D4DF
:108D4000012A43EB030515F5001F12D8012841EB5A
:108D5000010C1CF5001F0CD80ED14FEAD17C15F583
:108D6000001F0CEB4C0C0CF1020C08BF4CEBD37C3D
:108D700004E04FF0080C01E04FEAD37C0CEB4C050B
:108D800026FA05F606F00706B6F1040C06D20EEB3D
:108D9000860CBDE870404CF0010C6047DFE80CF039
:108DA000090B02024FF000414FF00000A1F5002135
:108DB00070BD19461046012851EB010418BFD4F5C7
:108DC000001484BF002001F0004170BDDFF844C1F1
:108DD00070B53CEA111418BF3CEA131500F08F80FF
:108DE00011F1004F1CEA13150CEA111468BF45F08D
:108DF000050518BF11EA0C1F00F079802E4621EA04
:108E00004C1123EA4C1341F4801143F48013A5F56F
:108E10008035AC423DDD801A9941A4F5803609D5F4
:108E20004042C1F1000134BFB1F10101B1F10001D3
:108E300085F0010511F4F01F08D011F4801FE8D16E
:108E4000400041EB0101A4F58034F6E721F0004138
:108E5000B1FA81F6202E04BFB0FA80FE0EF1200692
:108E6000A6F10B06B6F1200EA4EB06440CD2C6F117
:108E7000200E01FA06F120FA0EF641EA0601CEF1C3
:108E8000200600FA06F003E000FA0EF14FF00000B1
:108E9000BFE750EA410E23D04FEA244EBEEB254FE8
:108EA0000FDB994208BF904204D00AD3520043EB33
:108EB0000303B0E74FEA1646B6EB144F08BF85F040
:108EC0000105B4F5803401EB041181EAC57100DBC2
:108ED00070BD01F1C0414FF0000001F0004170BDD4
:108EE0004FEA45714FF0000001F0004170BD1CEAEF
:108EF000131F09D04FF0000001F0004170BDFFF7D3
:108F000017FF00BFEDFFFF3EBDE870404FF00000CF
:108F1000014970470000FF070000F87F00EE100ACB
:108F200000EE901AB4EE600AF1EE10FA78BF7047C6
:108F300000F00DB810B5FFF7F1FFEFF3008020F05F
:108F4000104038BF40F0004080F3008810BDBDE8FD
:108F5000104010B500F017F80000000900F007B845
:108F60004FF0404010F1004FEFF300807047401089
:108F700058BFC0F14040491058BFC1F14041814243
:108F8000EFF3008070470EF1020E2EF0030E5EF834
:108F9000044B244204D44FEA4102B2F17F4F11D86E
:108FA0004FEA4003B3F17F4F0CD80ED14FEAD07C8B
:108FB000B2F17F4F0CEB4C0C0CF1020C08BF4CEBE8
:108FC000D17C04E04FF0080C01E04FEAD17C0CEBBF
:108FD0004C0324FA03F404F00704B4F1040C06D2A1
:108FE0000EEB840CBDE810404CF0010C6047DFE84C
:108FF0000CF0070802024FF00040A0F5800010BD01
:109000000846420018BFD2F1807288BF00F00040CD
:1090100010BD4FF04070E1EE100A70474FF07F4CEA
:109020003CEA410318BF3CEA400200F062804FF482
:109030007F0C10F0004F0CEAD11318BF43F005036A
:109040001CEAD01218BF13EA0C0F00F057804FF043
:10905000004C4CEA00204CEA0121A3F580339A42EF
:1090600010DDB0F1004F23F0020306D3401A43F0A5
:109070000203BCBF404283F001034FEA4000A2F567
:109080008032ECE74FEA224CBCEB234F08DB8842EE
:1090900006D31CD0A0EB4100C0F1000083F0010317
:1090A00040001DD217D40DD0B0FA80FC0CF1010C99
:1090B00000FA0CF0A2EB0C42D2F1000C12DB4FEAEA
:1090C000C37070474FEA437000F00040704713F0E0
:1090D000020FE5D0DEE7B2F580324FEA4000EBDD6B
:1090E000002AE9DD4FEAC21242EA502040EAC3708A
:1090F000704710B5FFF747FFEDFFFF3E1CEAD11F99
:1091000002D000F000407047004870470000C07F68
:10911000F7F7B1BB0006101600061016010002009A
:109120000400060008000A000C00100020004000A7
:10913000800000010101010307010000080402048E
:109140000801010100000000010203040102030400
:10915000060708094E62903EB4202E44000000002D
:109160000000000000000000000000005E690C41EB
:109170004E62903EB4202E4400000000000000002B
:1091800000000000000000005E690C416F12033A0D
:109190004260E53B0000000000000000000000000D
:1091A000000000000000604100E02B4500E02B457E
:1091B00000E02B45A98B0008458B00080D8B0008AB
:1091C000698B00088D8A0008658A0008F989000803
:1091D000B58A0008000000006E83F9A22915444EEC
:1091E000D15727FCC0DD34F5999562DB4190433CB3
:1091F000AB6351FE02400000000000A00000000030
:1092000005400000000000C8000000000C40000005
:109210000000409C00000000194000000020BCBE7F
:109220000000000034400000BFC91B8E0000000495
:10923000B5400000504BCFD06607E2CF01000000E0
:109240006C4100003E8251AADFEEA734010000000D
:10925000D9420000DCB5A0E23A301F97FFFFFFFFC4
:10926000B4450000FD25A0C8E9A3C14FFFFFFFFFE3
:10927000FF3F00000000008000000000FF3F0000F2
:109280000000008000000000C492000800000024DC
:10929000640000000803000828930008640000240C
:1092A000140E0000240300081C000000430000000E
:1092B000F8FFFFFF0C0000000E0000000F00000090
:1092C0002E0000000000000001000000100000005F
:1092D000000000000090D0030090D00300000000C8
:1092E000000000000000000000000000000000007E
:1092F000000000000000000000000000000000006E
:10930000000000000000000000000000000000005D
:10931000000000000000000000000000000000004D
:08932000000000000000000045
:04000005080002CD20
:00000001FF
